aX,aY,aZ,gX,gY,gZ
0.926,-0.772,1.657,-38.208,-251.282,-23.071
1.324,-0.928,1.988,-39.246,-217.590,-10.986
1.735,-0.749,2.161,-30.823,-182.434,-2.258
2.354,-0.544,2.339,-15.381,-142.700,-0.549
2.909,-0.409,2.451,0.916,-101.440,-0.244
3.448,-0.382,2.701,13.916,-71.777,-8.423
3.746,-0.348,2.668,21.729,-79.468,-31.555
3.439,-0.193,2.014,28.320,-108.398,-63.782
3.853,-0.431,2.550,52.063,-64.087,-84.167
3.561,-0.326,1.972,56.396,-57.739,-98.328
3.188,-0.202,1.720,53.711,-54.199,-115.356
3.168,-0.293,1.798,65.247,19.165,-109.863
2.865,-0.260,1.686,51.331,54.077,-99.060
2.501,-0.261,1.379,33.447,55.664,-84.290
2.213,-0.251,1.242,27.954,76.782,-62.744
2.008,-0.207,1.146,30.334,101.257,-41.992
1.821,-0.145,1.015,32.898,113.892,-21.545
1.611,-0.057,0.857,34.180,124.512,-2.441
1.487,-0.005,0.755,33.630,139.832,15.076
1.397,0.037,0.631,28.748,152.771,32.715
1.349,0.087,0.498,21.057,161.133,50.476
1.376,0.168,0.402,12.695,166.138,68.542
1.498,0.272,0.360,5.066,169.739,88.074
1.721,0.452,0.366,-0.427,174.011,110.840
2.053,0.696,0.423,-7.629,178.528,134.460
2.398,0.975,0.442,-21.240,187.988,152.466
2.705,1.146,0.449,-42.847,205.261,157.715
2.857,1.249,0.329,-70.374,224.426,131.531
2.802,1.318,-0.071,-119.934,256.470,107.849
2.733,1.290,-0.346,-131.531,257.751,81.116
2.616,1.275,-0.527,-141.418,247.253,53.345
2.543,1.271,-0.735,-158.447,218.140,22.400
2.382,1.237,-0.945,-170.532,166.626,-18.555
2.157,1.187,-1.132,-165.100,95.825,-79.407
1.699,1.117,-1.246,-144.592,5.493,-160.461
1.048,0.929,-1.213,-121.033,-110.413,-259.583
0.140,0.943,-1.190,-94.788,-254.944,-362.244
-0.649,0.737,-0.710,-57.312,-389.648,-442.139
-1.080,0.372,-0.172,-75.928,-399.963,-433.472
-1.980,-0.517,1.365,-176.270,-228.027,-325.562
-1.787,-0.965,2.115,-302.734,11.597,-164.001
-1.686,-1.157,2.127,-380.127,215.515,-20.386
-1.774,-0.971,1.689,-352.722,326.355,35.156
-2.013,-0.750,1.298,-255.554,330.811,13.306
-1.969,-0.640,1.223,-146.973,242.920,-39.063
-1.670,-0.719,1.369,-44.739,96.680,-95.581
-1.407,-0.867,1.441,34.302,-43.518,-147.400
-0.799,-0.826,1.247,125.183,-117.004,-141.724
-0.585,-0.762,1.020,133.240,-83.252,-131.958
-0.522,-0.721,0.642,111.023,-32.715,-109.070
-0.432,-0.691,0.286,66.772,21.423,-67.627
-0.284,-0.657,0.003,17.883,60.425,-23.132
-0.097,-0.595,-0.173,-18.555,75.256,12.329
0.112,-0.521,-0.217,-35.828,69.458,37.170
0.327,-0.416,-0.252,-38.025,48.584,48.523
0.537,-0.332,-0.237,-29.785,24.536,46.753
0.711,-0.294,-0.191,-16.968,5.310,39.246
0.805,-0.280,-0.151,-7.263,-6.958,31.982
0.903,-0.277,-0.110,-1.953,-9.888,27.527
0.985,-0.259,-0.089,-0.977,-4.700,26.489
1.011,-0.232,-0.078,-5.615,2.075,27.344
1.014,-0.241,-0.060,-14.465,8.911,27.527
1.010,-0.267,-0.040,-24.170,14.771,27.588
1.008,-0.302,0.009,-31.860,17.273,27.771
1.010,-0.346,0.069,-36.011,17.456,27.100
0.986,-0.377,0.131,-35.034,15.625,24.780
0.965,-0.407,0.199,-31.555,11.902,21.484
0.950,-0.445,0.277,-27.222,7.202,16.785
0.920,-0.515,0.378,-15.076,5.249,14.832
0.895,-0.532,0.401,-9.827,8.179,15.503
0.898,-0.519,0.418,-6.775,13.184,19.348
0.909,-0.499,0.410,-4.333,17.456,23.254
0.922,-0.488,0.384,-1.404,20.142,25.574
0.933,-0.471,0.353,1.404,22.217,27.222
0.941,-0.447,0.319,4.761,22.888,28.076
0.950,-0.422,0.282,8.057,22.461,28.137
0.957,-0.397,0.251,10.742,20.996,27.588
0.969,-0.363,0.232,12.695,19.165,26.611
0.993,-0.334,0.221,13.489,17.456,25.330
1.006,-0.314,0.217,13.489,16.602,23.437
1.005,-0.308,0.214,12.573,16.968,21.118
1.001,-0.315,0.210,11.230,17.944,18.555
0.986,-0.325,0.203,9.949,19.226,16.846
0.966,-0.337,0.204,9.766,20.142,15.686
0.949,-0.338,0.208,10.376,20.508,14.587
0.936,-0.333,0.214,11.963,20.325,13.794
0.923,-0.325,0.213,13.489,20.447,13.367
0.917,-0.316,0.203,14.160,21.057,13.489
0.913,-0.309,0.195,13.916,21.606,13.794
0.905,-0.306,0.189,13.489,22.339,13.916
0.900,-0.306,0.187,13.123,22.583,13.489
0.898,-0.308,0.181,12.939,22.339,12.878
0.900,-0.310,0.172,13.733,22.217,12.268
0.897,-0.305,0.156,15.320,21.545,11.475
0.894,-0.298,0.141,16.418,21.240,10.437
0.894,-0.295,0.129,16.968,20.508,9.216
0.877,-0.294,0.084,17.029,18.372,7.874
0.883,-0.302,0.087,17.273,18.372,7.080
0.883,-0.304,0.075,17.151,16.846,6.958
0.884,-0.307,0.067,16.052,15.259,7.751
0.887,-0.308,0.061,14.465,14.099,8.728
0.889,-0.304,0.064,13.000,13.428,9.705
0.896,-0.297,0.068,11.841,12.390,11.047
0.912,-0.290,0.074,11.047,11.108,11.902
0.925,-0.289,0.081,10.986,9.399,11.780
0.933,-0.289,0.086,11.353,7.507,10.925
0.937,-0.292,0.092,14.099,4.822,8.484
0.947,-0.302,0.091,15.259,5.554,7.751
0.952,-0.303,0.085,14.893,8.057,8.057
0.960,-0.303,0.077,13.428,12.146,9.827
0.965,-0.299,0.067,10.803,15.259,12.329
0.972,-0.291,0.058,8.179,16.296,14.709
0.978,-0.280,0.051,7.446,15.564,15.808
0.989,-0.270,0.050,8.423,12.817,15.076
0.995,-0.260,0.043,11.108,9.583,13.123
1.001,-0.257,0.040,14.587,7.080,10.620
1.005,-0.255,0.041,17.029,5.493,8.728
1.002,-0.250,0.036,17.761,4.395,7.141
1.006,-0.253,0.037,17.517,4.700,6.531
-1.901,0.970,0.274,-18.372,32.959,-87.341
-2.385,0.866,0.306,-38.208,28.687,-87.402
-2.616,0.710,0.232,-51.147,14.648,-66.711
-2.717,0.544,0.196,-43.884,-5.310,-27.222
-2.641,0.524,0.240,-18.127,-23.437,12.878
-2.323,0.551,0.210,16.113,-42.786,38.940
-1.923,0.557,0.054,52.490,-65.125,45.532
-1.481,0.416,-0.164,81.726,-86.609,40.405
-1.016,0.164,-0.260,90.820,-107.239,35.095
-0.567,-0.024,-0.414,81.482,-126.282,43.213
-0.167,-0.102,-0.307,69.641,-147.583,58.350
0.347,-0.192,-0.111,47.119,-177.795,72.510
0.903,-0.207,0.165,20.020,-205.566,83.801
1.528,-0.272,0.463,7.446,-224.365,86.121
2.062,-0.300,0.717,2.747,-234.253,70.557
2.676,-0.450,1.050,5.920,-231.262,41.870
3.381,-0.586,1.455,17.456,-218.933,22.095
3.942,-0.460,1.774,25.879,-208.313,11.292
4.000,-0.294,1.983,28.809,-193.665,0.000
4.000,-0.183,2.122,27.832,-166.443,-10.437
4.000,-0.106,2.145,25.635,-132.874,-24.658
4.000,-0.053,2.038,29.480,-99.243,-40.649
4.000,-0.013,1.767,39.917,-67.322,-60.730
4.000,-0.025,1.473,50.903,-38.147,-82.825
3.875,-0.027,1.218,59.570,-14.954,-96.863
3.438,-0.018,1.005,64.209,0.732,-101.929
3.033,-0.024,0.834,65.735,15.015,-97.961
2.685,-0.011,0.682,65.430,33.752,-83.252
2.416,0.053,0.576,63.477,58.411,-59.875
2.163,0.137,0.467,56.641,83.740,-33.142
1.951,0.201,0.367,46.021,108.887,-8.606
1.764,0.243,0.274,35.522,132.751,10.925
1.626,0.300,0.178,29.175,155.457,25.269
1.557,0.317,0.143,27.649,177.246,37.048
1.558,0.367,0.067,24.292,187.683,48.218
1.691,0.479,0.022,20.142,190.674,60.425
1.948,0.676,-0.002,13.794,192.627,77.759
2.272,0.953,-0.025,0.549,196.472,95.642
2.551,1.225,-0.044,-22.156,205.139,106.140
2.743,1.417,-0.090,-55.298,219.666,103.210
2.760,1.488,-0.229,-88.745,231.750,82.825
2.641,1.394,-0.418,-112.061,238.037,50.781
2.521,1.240,-0.677,-121.277,232.178,15.442
2.438,1.082,-0.942,-118.591,218.811,-12.024
2.404,1.023,-1.144,-118.225,205.811,-31.860
2.354,1.075,-1.385,-130.371,193.604,-44.495
2.211,1.124,-1.665,-153.198,179.565,-56.580
1.967,1.149,-1.896,-187.744,156.433,-75.378
1.596,1.182,-1.979,-230.774,109.802,-105.286
1.062,1.216,-1.869,-275.085,29.053,-148.254
0.459,1.165,-1.424,-303.406,-85.999,-210.510
-0.139,1.000,-0.714,-255.676,-342.712,-354.004
-0.903,-0.093,1.050,-192.627,-377.991,-386.047
-0.858,-0.643,1.765,-113.220,-311.707,-367.554
-0.870,-0.688,2.094,-45.044,-176.270,-308.105
-1.331,-0.407,2.161,-19.531,-27.222,-235.474
-1.947,-0.307,2.156,-38.269,82.153,-184.875
-2.279,-0.533,2.001,-78.430,121.765,-164.612
-2.336,-0.959,1.839,-72.876,31.677,-159.119
-1.944,-1.273,1.361,-30.457,-27.466,-140.503
-1.638,-1.138,1.223,-7.690,-62.195,-109.314
-1.332,-0.956,1.110,-8.240,-71.960,-76.599
-1.066,-0.863,1.102,-15.198,-58.838,-44.739
-0.818,-0.887,1.090,-27.344,20.203,13.855
-0.457,-0.830,0.598,-29.175,57.678,36.804
-0.320,-0.694,0.271,-14.648,73.730,48.401
-0.149,-0.559,0.022,0.549,66.223,54.382
0.028,-0.416,-0.126,12.268,47.974,57.983
0.217,-0.283,-0.199,17.761,32.349,60.852
0.415,-0.217,-0.235,14.221,24.109,64.880
0.592,-0.150,-0.286,4.944,20.508,67.932
0.726,-0.104,-0.334,-3.845,20.996,67.444
0.834,-0.097,-0.395,-9.766,22.583,61.829
0.900,-0.127,-0.460,-12.268,21.851,51.941
0.906,-0.177,-0.495,-12.939,18.738,39.734
0.883,-0.222,-0.452,-15.259,13.489,29.114
0.869,-0.283,-0.366,-19.775,5.310,22.278
0.844,-0.350,-0.250,-23.071,-9.277,12.817
0.842,-0.490,0.005,-23.315,-11.475,11.169
0.827,-0.544,0.093,-20.325,-10.254,9.521
0.807,-0.603,0.138,-17.334,-6.714,9.155
0.776,-0.644,0.147,-13.428,-1.892,10.315
0.743,-0.661,0.145,-10.315,3.296,12.878
0.746,-0.659,0.134,-10.193,7.324,17.456
0.761,-0.635,0.140,-11.536,10.193,23.682
0.793,-0.594,0.147,-12.939,11.658,29.236
0.844,-0.559,0.153,-13.733,11.902,32.776
0.893,-0.533,0.161,-13.611,11.292,33.752
0.941,-0.506,0.161,-12.390,10.071,32.166
0.989,-0.487,0.133,-8.667,8.911,28.870
1.007,-0.462,0.104,-3.174,8.423,24.597
1.020,-0.433,0.082,0.183,8.118,20.508
1.027,-0.412,0.063,1.160,8.728,17.212
1.006,-0.401,0.046,1.526,10.376,13.794
1.000,-0.405,0.039,-0.610,11.414,11.047
0.988,-0.404,0.036,-3.784,11.108,10.193
0.977,-0.404,0.035,-4.822,10.681,8.545
0.960,-0.410,0.027,-4.822,9.216,5.859
0.933,-0.425,0.021,-4.395,7.080,2.686
0.913,-0.440,0.018,-3.357,4.700,-0.061
0.896,-0.447,0.018,-2.319,2.380,-1.221
0.880,-0.453,0.021,-2.686,0.793,-1.282
0.870,-0.457,0.027,-3.967,0.916,-0.977
0.871,-0.458,0.032,-5.737,1.404,0.122
0.875,-0.459,0.036,-7.324,1.892,1.831
0.872,-0.462,0.038,-8.423,2.747,2.869
0.861,-0.471,0.041,-8.606,3.784,2.563
0.847,-0.483,0.044,-8.179,3.967,1.831
0.834,-0.489,0.048,-7.019,3.662,1.343
0.828,-0.489,0.057,-6.165,2.930,1.099
0.825,-0.485,0.069,-5.737,1.709,1.221
0.826,-0.481,0.083,-5.798,1.038,1.709
0.827,-0.485,0.094,-5.798,0.366,1.587
0.828,-0.494,0.107,-5.859,-0.061,0.793
0.820,-0.502,0.117,-5.249,0.000,0.488
0.815,-0.514,0.130,-4.578,0.549,0.610
0.810,-0.523,0.139,-4.395,1.587,1.465
0.811,-0.530,0.146,-4.456,3.357,3.113
0.813,-0.528,0.149,-4.456,5.005,5.310
-1.793,0.777,0.806,-27.893,-15.747,-78.796
-2.080,0.812,0.907,-36.560,-15.076,-63.354
-2.213,0.870,0.921,-39.001,-14.282,-41.748
-2.229,0.927,0.834,-27.100,-14.282,-22.217
-2.194,0.962,0.688,-3.235,-15.808,-12.207
-2.111,0.997,0.474,17.395,-26.306,-8.423
-1.899,0.961,0.295,25.452,-46.875,-4.639
-1.596,0.835,0.136,29.236,-69.397,-1.038
-1.277,0.699,-0.082,32.288,-87.646,5.005
-0.724,0.534,-0.143,42.419,-109.497,5.981
-0.151,0.344,-0.190,48.523,-141.479,2.136
0.377,0.179,-0.150,46.387,-172.302,-5.066
0.926,-0.135,-0.164,41.992,-213.623,-20.752
1.495,-0.539,-0.064,20.386,-267.700,-63.660
2.289,-1.474,0.353,7.935,-276.489,-84.534
2.790,-1.959,0.722,-10.742,-264.160,-90.881
3.270,-2.189,1.171,-23.804,-235.046,-77.332
3.763,-2.132,1.649,-24.109,-203.308,-56.152
4.000,-1.852,2.062,-14.465,-163.513,-31.921
4.000,-1.467,2.325,4.944,-121.765,-15.137
4.000,-0.966,2.345,26.611,-88.562,-18.250
4.000,-0.627,2.068,45.227,-37.476,-65.002
4.000,-0.270,1.271,66.589,-16.174,-82.458
3.832,-0.075,0.999,74.036,6.165,-86.731
3.492,0.064,0.791,79.956,27.710,-82.642
3.189,0.217,0.618,81.177,49.072,-74.280
2.885,0.349,0.475,75.562,75.317,-60.852
2.609,0.401,0.329,65.735,104.919,-43.945
2.355,0.458,0.226,51.758,131.653,-25.940
2.170,0.523,0.088,36.499,157.654,-7.996
2.084,0.585,0.025,24.841,185.181,8.240
2.061,0.670,-0.023,16.785,210.327,20.752
2.148,0.745,-0.052,9.277,233.093,30.029
2.240,0.854,-0.075,-2.625,249.451,43.823
2.336,0.999,-0.205,-44.373,270.630,41.443
2.317,0.977,-0.218,-68.054,278.687,33.264
2.226,0.939,-0.278,-91.736,279.297,23.987
2.112,0.834,-0.368,-111.938,273.071,10.986
2.029,0.653,-0.482,-123.413,264.465,-3.174
1.983,0.481,-0.614,-131.287,253.113,-14.221
2.015,0.391,-0.740,-142.029,241.455,-18.982
2.049,0.448,-0.905,-154.358,232.544,-18.616
1.995,0.602,-1.085,-169.128,229.492,-21.729
1.772,0.776,-1.296,-192.078,226.257,-35.706
1.430,0.872,-1.514,-219.788,210.937,-63.599
1.001,0.843,-1.691,-249.146,172.607,-102.966
0.507,0.781,-1.763,-283.081,98.083,-144.165
-0.120,0.706,-1.506,-313.599,-9.460,-182.922
-0.747,0.576,-0.745,-325.684,-136.292,-217.834
-1.197,0.327,0.293,-285.583,-265.137,-257.690
-1.552,-0.148,1.486,-186.829,-361.511,-308.716
-1.663,-0.726,2.749,-77.759,-372.742,-352.295
-1.747,-1.105,3.256,-26.794,-269.287,-341.370
-1.880,-1.147,2.888,-62.622,-62.988,-239.441
-2.259,-0.960,2.307,-154.602,156.677,-82.764
-2.639,-1.064,1.464,-300.171,233.459,74.402
-2.330,-1.296,1.048,-266.357,115.356,72.510
-1.887,-1.248,1.309,-177.612,-33.508,47.119
-1.335,-1.310,1.783,-86.304,-140.442,27.588
-0.653,-1.163,1.874,-9.277,-173.035,30.579
-0.219,-0.775,1.637,56.763,-152.405,35.156
-0.036,-0.364,1.173,88.562,-102.417,36.255
0.135,-0.222,0.718,70.068,-24.841,49.683
0.257,-0.291,0.314,23.743,41.931,69.397
0.367,-0.386,-0.017,-11.841,74.707,82.642
0.515,-0.382,-0.214,-17.090,80.627,85.083
0.653,-0.281,-0.313,-0.977,65.186,74.097
0.744,-0.216,-0.386,22.583,36.926,50.659
0.780,-0.225,-0.435,42.847,9.094,22.888
0.833,-0.250,-0.450,53.589,-8.484,1.770
0.874,-0.254,-0.405,52.063,-17.029,-7.324
0.899,-0.282,-0.343,39.917,-17.395,-8.667
0.896,-0.372,-0.295,25.024,-12.512,-8.972
0.851,-0.463,-0.251,11.292,-6.592,-7.141
0.797,-0.527,-0.180,1.587,-2.502,-3.662
0.767,-0.563,-0.127,-2.747,-1.343,1.770
0.775,-0.609,-0.073,-1.526,-3.662,3.845
0.789,-0.633,-0.052,-1.404,-5.737,5.371
0.802,-0.657,-0.024,-2.258,-6.836,7.385
0.833,-0.669,0.001,-4.395,-6.714,10.986
0.862,-0.651,0.036,-6.653,-5.249,16.357
0.889,-0.621,0.068,-9.277,-2.563,21.606
0.911,-0.600,0.088,-12.085,0.610,25.330
0.920,-0.586,0.100,-13.855,3.235,26.550
0.921,-0.582,0.092,-14.648,4.944,26.245
0.911,-0.582,0.084,-13.550,5.371,24.414
0.901,-0.582,0.070,-10.742,5.188,21.545
0.900,-0.571,0.063,-7.568,3.662,19.165
0.906,-0.509,0.064,-5.798,-0.488,15.991
0.910,-0.519,0.061,-5.066,-1.343,13.062
0.894,-0.525,0.065,-5.127,-2.258,10.559
0.868,-0.543,0.068,-5.432,-2.502,8.240
0.842,-0.567,0.079,-4.028,-2.441,5.798
0.823,-0.583,0.087,-1.953,-2.502,4.456
0.809,-0.583,0.089,-0.183,-1.648,5.066
0.808,-0.572,0.089,1.099,0.000,7.019
0.802,-0.557,0.087,1.282,1.770,8.972
0.810,-0.558,0.076,0.671,3.601,9.583
0.816,-0.566,0.067,0.671,4.272,9.949
0.809,-0.565,0.051,1.953,4.700,9.583
0.799,-0.566,0.034,4.150,3.479,7.385
0.793,-0.559,0.019,6.042,1.526,7.019
0.794,-0.555,0.021,6.165,-0.122,7.080
0.799,-0.557,0.028,5.493,-1.038,7.446
0.806,-0.564,0.032,4.700,-1.404,7.812
0.807,-0.571,0.034,4.089,-0.671,8.423
0.806,-0.572,0.035,4.333,0.122,8.972
0.806,-0.567,0.035,4.944,0.366,9.216
0.811,-0.555,0.037,5.554,0.305,9.583
0.819,-0.546,0.049,5.615,0.305,10.010
0.828,-0.537,0.063,5.493,0.549,10.193
0.832,-0.529,0.075,5.127,0.610,10.315
0.829,-0.530,0.091,5.188,1.038,9.949
0.823,-0.543,0.103,5.676,1.160,8.972
0.812,-0.558,0.106,7.141,1.221,7.568
0.797,-0.573,0.104,9.094,1.465,6.836
0.782,-0.578,0.102,10.559,1.831,6.958
0.778,-0.579,0.099,11.353,1.709,7.629
0.778,-0.580,0.101,11.475,2.075,9.094
-1.332,1.238,0.807,-5.188,-11.169,-110.107
-1.405,1.304,0.856,-1.770,-12.268,-114.624
-1.439,1.287,0.827,4.517,-11.963,-119.141
-1.501,1.252,0.750,12.085,-2.502,-124.023
-1.478,1.210,0.561,17.639,9.583,-130.310
-1.244,1.081,0.302,16.968,9.155,-135.315
-1.065,0.926,0.101,6.714,-8.545,-133.850
-1.012,0.759,-0.210,-5.920,-60.486,-131.348
-0.616,0.101,-0.680,-41.016,-106.201,-126.282
-0.265,-0.354,-0.764,-65.369,-147.400,-113.098
0.273,-1.062,-0.841,-77.515,-201.294,-105.591
0.691,-1.827,-0.857,-81.482,-264.832,-111.389
1.005,-2.319,-0.607,-78.735,-318.237,-125.488
1.470,-2.674,-0.058,-72.205,-345.276,-126.282
2.008,-2.742,0.713,-75.134,-336.670,-101.257
2.651,-2.648,1.623,-92.773,-213.135,-24.414
3.902,-2.299,2.820,-94.177,-137.146,6.042
4.000,-2.058,2.817,-88.928,-75.317,25.757
4.000,-1.827,2.567,-70.435,-26.855,26.855
3.998,-1.659,2.213,-33.142,0.671,11.597
3.779,-1.419,1.760,13.916,1.099,-12.756
3.586,-1.183,1.289,58.350,-7.568,-36.011
3.405,-0.971,0.952,88.501,-10.315,-44.312
3.262,-0.737,0.720,103.455,6.165,-37.476
3.063,-0.468,0.536,107.361,43.152,-21.240
2.827,-0.238,0.383,97.656,93.506,2.686
2.618,-0.060,0.200,76.172,186.951,40.344
2.353,0.204,0.046,51.819,194.580,41.443
2.314,0.329,0.011,60.425,205.505,33.997
2.292,0.460,-0.055,67.383,210.815,25.208
2.301,0.544,-0.146,64.087,221.863,22.217
2.324,0.621,-0.226,47.974,240.173,28.015
2.321,0.703,-0.265,20.203,262.207,38.208
2.265,0.712,-0.290,-15.198,283.875,43.640
2.155,0.641,-0.328,-52.246,297.852,40.222
2.039,0.494,-0.406,-81.543,298.157,27.161
1.946,0.325,-0.518,-93.140,283.569,8.118
1.920,0.204,-0.573,-92.346,261.536,-8.667
1.932,0.156,-0.536,-97.412,238.708,-19.531
1.928,0.169,-0.424,-118.164,219.055,-23.987
1.842,0.215,-0.326,-149.353,204.712,-27.954
1.671,0.238,-0.276,-181.213,191.101,-53.833
1.111,0.144,-0.349,-208.801,138.977,-99.792
0.773,0.014,-0.415,-193.848,98.267,-151.794
0.414,-0.096,-0.497,-168.518,49.072,-209.106
0.127,-0.291,-0.570,-143.311,-4.578,-258.911
-0.250,-0.472,-0.524,-128.540,-56.396,-289.185
-0.685,-0.499,-0.419,-132.324,-101.074,-298.645
-1.368,-0.355,0.114,-137.146,-151.917,-287.903
-1.354,-0.504,1.030,-129.333,-174.011,-264.893
-1.827,-0.812,1.319,-131.714,-218.201,-231.812
-1.946,-0.931,1.497,-116.333,-177.551,-196.777
-1.922,-0.936,1.589,-77.026,-60.120,-152.527
-2.002,-0.839,1.515,-64.819,57.129,-87.463
-2.097,-0.710,1.377,-94.238,128.479,-20.996
-2.129,-0.733,1.288,-135.986,144.592,25.940
-2.066,-0.833,1.198,-164.062,112.793,53.894
-1.837,-0.944,1.292,-161.072,60.852,69.824
-1.538,-0.988,1.391,-129.578,5.005,78.552
-1.266,-0.925,1.379,-87.524,-37.598,82.214
-0.997,-0.859,1.303,-47.913,-56.641,85.571
-0.691,-0.842,1.195,-17.151,-52.734,91.614
-0.364,-0.801,1.002,21.973,3.479,112.427
0.185,-0.629,0.474,42.908,33.875,121.826
0.365,-0.448,0.205,49.255,60.120,133.850
0.560,-0.342,-0.086,51.575,79.590,138.428
0.703,-0.298,-0.322,51.941,87.097,132.568
0.813,-0.268,-0.489,46.448,85.327,121.033
0.899,-0.221,-0.604,37.537,75.073,103.699
0.959,-0.225,-0.649,28.442,56.458,82.642
0.979,-0.257,-0.645,19.531,32.593,61.462
0.981,-0.303,-0.596,13.184,8.423,41.077
0.969,-0.360,-0.509,10.803,-11.902,21.423
0.947,-0.439,-0.398,10.437,-27.954,4.211
0.915,-0.511,-0.288,10.071,-37.354,-6.714
0.886,-0.586,-0.180,9.705,-38.818,-11.841
0.854,-0.655,-0.083,9.155,-34.668,-11.169
0.825,-0.715,-0.010,8.606,-27.832,-7.385
0.804,-0.775,0.045,8.728,-19.470,-0.488
0.776,-0.790,0.079,8.606,-10.986,7.874
0.747,-0.790,0.103,8.667,-3.723,15.320
0.721,-0.772,0.124,6.714,1.282,22.156
0.712,-0.759,0.146,3.235,4.761,28.442
0.717,-0.741,0.167,0.244,7.080,33.813
0.736,-0.722,0.186,-1.953,8.972,38.513
0.761,-0.699,0.203,-2.319,10.559,41.504
0.790,-0.676,0.209,-0.671,12.024,42.480
0.805,-0.655,0.195,2.258,13.367,40.466
0.807,-0.652,0.168,6.592,14.465,36.072
0.794,-0.653,0.128,11.230,14.771,31.128
0.784,-0.653,0.085,15.686,14.526,27.222
0.786,-0.644,0.048,19.043,13.733,25.696
0.793,-0.623,0.028,20.264,13.306,26.733
0.803,-0.600,0.016,18.555,13.489,29.236
0.809,-0.589,0.011,15.442,15.625,31.494
0.801,-0.591,-0.003,12.878,18.188,31.677
0.776,-0.600,-0.023,12.024,19.836,30.029
0.754,-0.608,-0.045,12.939,19.287,28.015
0.747,-0.604,-0.060,14.771,16.724,26.428
0.757,-0.598,-0.071,16.235,12.939,25.696
0.775,-0.584,-0.068,16.113,9.399,26.001
0.791,-0.569,-0.055,13.916,8.240,27.527
0.809,-0.558,-0.046,10.071,8.850,29.297
0.821,-0.554,-0.047,6.531,10.437,30.334
0.818,-0.554,-0.044,4.333,12.390,30.579
0.821,-0.557,-0.038,4.700,13.733,29.907
0.828,-0.551,-0.035,7.812,13.062,27.954
0.832,-0.540,-0.038,12.268,10.864,24.658
0.830,-0.533,-0.038,15.808,8.850,21.118
0.823,-0.537,-0.039,16.907,7.874,18.616
0.813,-0.551,-0.045,15.564,8.240,18.127
0.816,-0.567,-0.051,13.123,9.583,18.921
0.813,-0.575,-0.050,10.986,10.986,20.142
0.817,-0.575,-0.048,10.010,11.292,21.729
0.833,-0.565,-0.045,10.071,10.010,22.644
0.847,-0.552,-0.043,10.986,8.362,22.949
0.864,-0.542,-0.042,12.085,7.080,22.156
0.875,-0.533,-0.045,13.367,6.165,20.874
0.885,-0.533,-0.055,14.465,5.981,19.470
-1.392,0.590,0.513,-44.189,-5.249,-17.151
-1.340,0.549,0.456,-27.405,-15.747,-14.771
-1.247,0.499,0.364,-7.385,-30.273,-15.747
-1.057,0.379,0.270,9.949,-45.349,-19.592
-0.898,0.241,0.166,23.315,-63.110,-27.649
-0.748,0.032,0.098,29.968,-87.280,-35.400
-0.416,-0.193,-0.079,29.785,-109.741,-36.438
-0.072,-0.453,-0.242,39.734,-134.766,-29.297
0.229,-0.574,-0.300,52.551,-168.213,-19.897
0.643,-0.649,-0.352,57.129,-204.895,-10.864
1.023,-0.734,-0.299,59.570,-240.234,-6.042
1.375,-0.765,-0.111,56.763,-271.851,-9.094
1.864,-0.900,0.079,50.049,-298.645,-23.315
2.374,-1.133,0.344,46.997,-317.444,-44.678
2.806,-1.246,0.704,44.983,-322.205,-60.547
3.159,-1.166,1.111,38.086,-309.631,-67.932
3.415,-1.003,1.563,27.039,-277.039,-69.519
3.654,-0.850,1.948,13.672,-227.173,-66.162
3.807,-0.699,2.113,6.409,-171.814,-69.275
3.792,-0.581,2.136,6.958,-124.146,-80.322
3.620,-0.466,1.975,26.001,-62.256,-110.474
3.182,-0.344,1.538,42.542,-43.091,-121.460
3.032,-0.269,1.361,56.946,-28.015,-121.521
2.955,-0.171,1.303,67.871,-7.385,-112.732
2.905,-0.118,1.234,73.120,14.709,-101.624
2.888,-0.048,1.163,70.374,39.185,-86.792
2.853,0.079,1.068,65.918,72.571,-67.017
2.851,0.191,0.974,62.927,116.394,-45.410
2.828,0.339,0.809,57.251,159.546,-23.926
2.839,0.457,0.690,49.866,209.473,-3.174
2.861,0.590,0.601,39.795,259.399,15.320
2.893,0.730,0.508,25.452,303.406,31.555
2.858,0.887,0.386,5.371,338.745,40.344
2.709,0.966,0.270,-22.766,365.845,36.682
2.505,0.917,0.107,-57.678,381.775,20.874
2.290,0.750,-0.087,-89.966,381.348,-1.343
2.093,0.492,-0.252,-110.840,364.441,-25.146
1.935,0.342,-0.341,-119.019,337.585,-47.180
1.833,0.202,-0.354,-120.911,307.312,-61.768
1.769,0.044,-0.326,-127.136,278.076,-69.031
1.693,-0.061,-0.287,-144.836,250.916,-74.646
1.498,-0.092,-0.307,-164.246,222.839,-85.938
1.268,-0.110,-0.369,-172.791,193.970,-108.154
0.970,-0.093,-0.504,-165.222,163.330,-138.367
0.582,-0.062,-0.613,-148.437,134.399,-175.354
0.199,-0.061,-0.728,-153.931,81.238,-233.704
-0.715,-0.234,-1.111,-168.091,47.241,-239.807
-1.135,-0.296,-1.078,-207.458,3.723,-228.882
-1.600,-0.329,-0.700,-252.686,-54.443,-203.918
-1.990,-0.490,0.089,-286.926,-111.694,-169.800
-2.138,-0.656,1.167,-290.955,-156.250,-132.751
-2.070,-0.956,2.810,-196.106,-166.748,-69.519
-1.644,-1.458,2.955,-129.639,-111.145,-51.636
-1.662,-1.305,2.697,-71.594,-28.809,-33.142
-1.748,-1.148,2.244,-29.968,47.913,-12.512
-1.686,-1.042,1.768,-12.390,89.111,5.188
-1.524,-1.054,1.430,-12.268,90.759,29.114
-1.288,-1.022,1.253,-19.592,62.622,54.932
-0.958,-0.969,1.139,-9.399,1.221,85.144
-0.322,-0.821,0.813,9.094,-14.526,86.426
-0.063,-0.754,0.549,31.128,-22.156,76.477
0.141,-0.703,0.357,50.720,-21.484,66.467
0.323,-0.595,0.148,63.782,-13.428,63.721
0.512,-0.525,-0.019,71.594,-1.465,65.186
0.684,-0.445,-0.119,69.519,12.939,69.580
0.810,-0.356,-0.210,56.946,25.391,74.524
0.897,-0.313,-0.276,38.635,33.508,74.524
0.938,-0.315,-0.314,20.264,35.522,67.139
0.943,-0.356,-0.332,8.301,30.273,54.749
0.939,-0.410,-0.307,5.127,5.554,25.208
0.913,-0.534,-0.195,8.057,-6.226,11.658
0.894,-0.597,-0.135,10.742,-14.709,2.197
0.876,-0.636,-0.074,12.329,-18.433,-0.854
0.877,-0.653,-0.020,13.306,-17.395,2.258
0.884,-0.646,0.024,12.024,-13.977,10.620
0.900,-0.651,0.048,8.728,-7.751,18.311
0.900,-0.651,0.040,5.676,-1.160,21.362
0.904,-0.658,0.034,4.211,4.089,23.865
0.892,-0.640,0.016,4.883,6.409,25.940
0.891,-0.622,0.013,6.836,7.080,26.489
0.889,-0.614,0.017,6.531,5.981,27.100
0.884,-0.605,0.009,4.211,6.104,28.198
0.886,-0.594,0.008,2.747,7.874,29.480
0.884,-0.574,0.002,1.404,9.644,30.945
0.878,-0.548,-0.001,-0.305,11.047,32.043
0.878,-0.531,-0.005,-0.977,12.329,31.677
0.871,-0.515,-0.000,-1.099,12.451,29.846
0.859,-0.502,0.001,-0.610,11.658,27.100
0.855,-0.498,0.002,0.610,10.437,23.621
0.854,-0.494,0.001,2.747,8.850,19.897
0.845,-0.489,0.000,5.066,7.629,16.724
0.836,-0.497,-0.006,6.165,7.324,13.672
0.825,-0.517,-0.016,5.859,7.568,10.986
0.815,-0.530,-0.026,5.615,7.812,9.521
0.800,-0.537,-0.028,5.493,7.935,9.521
0.792,-0.542,-0.035,5.005,8.179,10.376
0.788,-0.539,-0.037,4.211,8.789,11.841
0.785,-0.533,-0.041,4.028,9.094,12.695
0.786,-0.528,-0.045,4.395,8.545,12.695
0.783,-0.525,-0.049,4.944,7.629,11.780
0.779,-0.525,-0.054,5.554,6.287,10.437
0.776,-0.527,-0.061,6.104,5.127,8.972
0.770,-0.535,-0.060,6.470,4.028,7.874
0.766,-0.550,-0.052,6.836,3.296,7.202
0.764,-0.559,-0.039,8.057,3.113,7.324
0.768,-0.554,-0.038,8.911,2.991,7.690
0.772,-0.550,-0.037,9.338,2.441,7.935
0.773,-0.551,-0.032,8.667,1.770,8.057
0.775,-0.559,-0.027,7.935,1.282,7.507
0.773,-0.571,-0.020,7.568,0.793,6.775
0.776,-0.575,-0.013,7.507,0.183,6.714
0.781,-0.573,-0.009,8.057,-0.183,7.080
0.786,-0.567,-0.007,8.423,0.061,7.935
0.791,-0.560,-0.007,8.667,0.549,8.728
0.800,-0.553,-0.010,8.728,1.526,9.583
0.811,-0.549,-0.017,8.911,2.502,10.437
0.817,-0.543,-0.023,9.277,3.479,10.742
0.818,-0.537,-0.034,9.888,4.028,10.559
0.819,-0.534,-0.047,10.376,4.028,10.071
2.336,-0.772,0.763,65.186,-293.823,23.193
2.869,-0.747,1.142,73.608,-296.021,17.578
3.432,-0.579,1.524,87.952,-285.217,13.367
3.968,-0.233,1.804,97.656,-260.254,14.404
4.000,0.141,1.959,100.830,-220.093,14.404
4.000,0.528,1.998,96.008,-167.114,7.141
4.000,0.832,1.828,84.473,-109.863,-8.911
4.000,0.973,1.621,70.557,-58.899,-28.442
4.000,1.074,1.363,57.739,21.545,-34.729
4.000,1.260,0.865,55.115,50.415,-40.527
3.926,1.344,0.697,51.941,73.914,-51.392
3.733,1.339,0.546,40.283,96.497,-58.655
3.487,1.306,0.423,23.071,119.019,-61.646
3.167,1.299,0.262,2.319,142.395,-62.012
2.928,1.229,0.210,-18.921,176.147,-58.655
2.746,1.133,0.199,-41.016,211.243,-49.744
2.600,1.061,0.183,-63.782,236.816,-39.795
2.464,0.987,0.167,-84.595,254.639,-30.334
2.344,0.874,0.176,-105.164,268.738,-22.278
2.205,0.746,0.161,-124.878,277.161,-17.029
2.087,0.557,0.113,-141.235,280.823,-15.564
2.032,0.383,0.060,-150.330,282.288,-18.372
2.000,0.239,-0.052,-159.058,276.672,-15.198
1.969,0.057,-0.258,-171.936,268.616,-9.888
1.966,0.031,-0.356,-190.735,257.385,-4.822
1.901,0.104,-0.546,-202.209,240.540,-7.568
1.720,0.234,-0.748,-202.332,221.802,-20.020
1.472,0.443,-0.915,-203.186,200.867,-42.419
1.154,0.646,-1.091,-208.984,170.959,-73.120
0.805,0.746,-1.138,-218.689,133.545,-106.323
0.330,0.757,-1.076,-239.197,82.336,-136.841
-0.250,0.720,-0.799,-270.264,10.376,-158.752
-0.891,0.574,-0.079,-295.715,-77.576,-172.485
-1.534,0.333,1.020,-300.110,-173.218,-188.477
-1.971,-0.106,2.046,-271.240,-254.517,-211.548
-1.979,-0.658,2.750,-197.754,-279.968,-230.042
-1.874,-1.060,2.941,-99.915,-254.822,-237.122
-2.020,-1.102,2.581,-12.329,-203.552,-231.140
-2.229,-0.975,2.005,44.373,-127.136,-208.862
-2.344,-0.906,1.533,62.195,-46.631,-168.518
-2.306,-0.930,1.260,39.246,7.874,-115.906
-2.148,-1.015,1.136,-9.155,24.963,-58.105
-1.867,-1.092,1.102,-55.481,22.034,0.244
-1.513,-1.083,1.080,-76.111,19.287,54.138
-1.099,-0.990,1.059,-71.045,22.095,96.680
-0.671,-0.832,0.920,-54.932,26.489,123.108
-0.254,-0.668,0.725,-33.447,30.457,134.644
0.165,-0.505,0.523,-12.329,31.677,136.475
0.535,-0.391,0.271,4.272,30.090,132.446
0.838,-0.306,0.005,15.015,29.724,121.033
1.082,-0.258,-0.218,23.682,33.386,101.318
1.274,-0.216,-0.389,34.973,39.001,61.829
1.527,-0.060,-0.574,30.884,34.607,47.119
1.604,-0.019,-0.592,21.362,28.198,32.715
1.612,-0.013,-0.620,9.216,20.630,17.639
1.581,-0.097,-0.628,-1.892,12.329,0.671
1.453,-0.224,-0.613,-5.554,1.892,-20.996
1.286,-0.382,-0.555,-4.272,-9.521,-43.457
1.109,-0.532,-0.467,-0.427,-20.874,-58.533
0.943,-0.654,-0.351,5.981,-36.377,-57.983
0.722,-0.721,-0.120,11.902,-39.246,-45.410
0.682,-0.693,-0.008,6.592,-37.964,-29.053
0.678,-0.660,0.092,-2.502,-33.264,-11.719
0.695,-0.648,0.160,-12.573,-25.940,3.723
0.702,-0.620,0.214,-20.447,-17.212,16.113
0.710,-0.590,0.256,-24.292,-7.996,25.574
0.715,-0.551,0.280,-24.292,0.061,32.043
0.718,-0.511,0.286,-22.217,5.798,35.217
0.736,-0.487,0.286,-15.564,12.756,35.889
0.788,-0.436,0.209,-10.803,14.587,32.959
0.816,-0.426,0.173,-6.836,15.808,29.907
0.826,-0.401,0.137,-3.296,15.808,25.940
0.824,-0.381,0.108,0.793,14.648,20.813
0.825,-0.366,0.066,4.211,12.878,15.137
0.825,-0.364,0.028,7.141,10.925,9.338
0.820,-0.373,-0.007,9.521,8.545,4.456
0.820,-0.388,-0.038,10.681,6.775,1.099
0.817,-0.401,-0.060,11.475,5.127,-0.793
0.813,-0.414,-0.079,11.536,3.418,-1.343
0.817,-0.424,-0.095,11.047,1.770,-1.282
0.821,-0.431,-0.107,10.315,1.038,-0.122
0.830,-0.444,-0.127,8.362,1.343,1.221
0.830,-0.443,-0.133,7.324,1.770,2.808
0.833,-0.441,-0.138,6.104,2.319,4.517
0.835,-0.439,-0.136,3.723,2.258,6.348
0.841,-0.435,-0.127,1.282,1.770,8.179
0.844,-0.433,-0.113,-0.732,2.136,9.583
0.844,-0.441,-0.098,-3.052,2.686,10.315
0.846,-0.449,-0.085,-5.005,2.930,10.803
0.852,-0.451,-0.068,-6.287,2.258,11.658
0.863,-0.442,-0.043,-6.775,1.099,12.390
0.875,-0.427,-0.012,-6.775,-0.061,12.939
0.883,-0.420,0.016,-6.775,-0.854,12.695
0.883,-0.427,0.041,-6.348,-1.282,11.169
0.876,-0.444,0.062,-5.005,-1.526,8.850
0.869,-0.469,0.072,-2.380,-1.648,6.348
0.859,-0.492,0.077,0.427,-1.587,4.333
0.855,-0.506,0.080,3.418,-0.854,3.601
0.858,-0.503,0.086,5.554,-0.122,4.883
0.873,-0.493,0.094,6.226,1.221,7.446
0.893,-0.477,0.098,6.165,3.296,9.705
0.908,-0.470,0.094,6.409,5.066,10.681
0.922,-0.468,0.081,6.897,6.409,10.559
0.926,-0.468,0.061,8.362,7.385,9.827
0.943,-0.464,0.031,10.559,7.568,8.850
0.949,-0.455,0.005,12.451,7.263,8.545
0.966,-0.440,-0.015,13.794,7.019,8.301
0.971,-0.425,-0.028,14.282,6.775,7.751
0.976,-0.417,-0.045,13.550,6.714,7.202
0.981,-0.414,-0.056,12.329,7.385,6.836
0.977,-0.405,-0.065,11.169,8.179,6.836
0.975,-0.399,-0.071,10.437,8.179,6.409
0.970,-0.395,-0.077,10.193,7.324,5.310
0.963,-0.397,-0.082,9.827,6.165,3.845
0.949,-0.403,-0.083,9.338,4.944,1.831
0.932,-0.406,-0.080,9.094,4.089,0.427
0.920,-0.410,-0.076,8.240,3.113,-0.244
0.909,-0.411,-0.071,7.263,2.319,-0.488
0.898,-0.412,-0.065,6.531,1.831,-0.488
1.667,-1.501,0.897,77.393,-299.622,49.377
2.353,-1.286,1.325,97.046,-317.078,79.285
3.052,-0.873,1.799,107.666,-327.881,89.111
3.718,-0.402,2.244,100.769,-315.796,86.914
4.000,-0.083,2.571,81.177,-274.658,79.895
4.000,0.170,2.625,63.416,-208.435,68.298
4.000,0.433,2.434,57.251,-130.310,47.546
4.000,0.651,2.081,58.533,-61.035,17.273
4.000,0.812,1.673,57.068,-13.611,-15.503
4.000,0.906,1.269,50.659,12.085,-42.847
4.000,0.997,0.928,48.401,27.405,-64.331
4.000,1.038,0.718,51.147,42.664,-81.848
3.863,1.076,0.626,51.147,58.044,-93.018
3.656,1.095,0.574,40.710,74.219,-97.839
3.418,1.054,0.588,22.095,96.191,-97.656
3.167,0.977,0.569,1.953,125.183,-94.421
2.918,0.895,0.587,-14.282,162.170,-89.722
2.652,0.865,0.535,-29.297,199.524,-84.412
2.432,0.765,0.520,-42.908,239.624,-77.271
2.273,0.627,0.527,-59.143,274.719,-68.176
2.148,0.503,0.505,-78.857,298.218,-57.007
2.064,0.387,0.512,-98.206,313.049,-43.945
1.986,0.241,0.509,-116.699,320.923,-31.921
1.919,0.123,0.462,-130.981,324.341,-26.733
1.886,-0.079,0.415,-135.681,323.853,-26.489
1.876,-0.288,0.318,-139.893,315.796,-24.353
1.893,-0.481,0.236,-148.743,303.833,-19.165
1.977,-0.631,0.123,-159.302,291.626,-12.207
2.077,-0.744,-0.024,-164.246,278.137,-8.423
2.121,-0.729,-0.153,-165.283,267.944,-6.714
2.057,-0.548,-0.310,-166.443,257.385,-11.475
1.885,-0.339,-0.531,-163.818,240.601,-26.245
1.642,-0.182,-0.713,-160.034,218.567,-49.011
1.297,0.026,-0.857,-163.147,187.744,-74.524
0.843,0.136,-0.919,-177.551,146.973,-93.445
0.314,0.182,-0.933,-207.947,92.590,-104.431
-0.318,0.290,-0.778,-248.535,13.184,-117.493
-0.962,0.432,-0.391,-282.043,-93.445,-141.724
-1.709,0.459,0.137,-290.039,-217.773,-178.162
-2.253,0.193,0.738,-263.367,-329.834,-214.172
-2.539,-0.165,1.188,-187.378,-394.775,-238.403
-2.399,-0.400,1.432,-73.547,-400.635,-250.916
-1.962,-0.525,1.661,35.034,-359.375,-257.385
-1.717,-0.555,1.654,86.487,-294.556,-247.070
-1.889,-0.413,1.217,68.054,-201.050,-199.890
-2.083,-0.267,0.744,13.123,-66.345,-127.197
-2.117,-0.231,0.505,-48.035,61.523,-55.664
-1.949,-0.312,0.444,-107.178,134.216,1.953
-1.681,-0.422,0.424,-153.870,146.118,48.767
-1.380,-0.536,0.446,-173.279,117.676,86.609
-0.990,-0.594,0.544,-161.438,71.045,110.046
-0.609,-0.599,0.653,-132.935,18.188,117.432
-0.249,-0.575,0.748,-100.220,-23.499,110.840
0.093,-0.565,0.818,-63.599,-45.288,94.971
0.411,-0.524,0.864,-25.330,-42.480,78.552
0.657,-0.429,0.835,5.310,-23.987,67.139
0.835,-0.337,0.718,22.400,1.038,58.594
0.916,-0.319,0.542,26.978,27.588,48.950
0.936,-0.372,0.329,24.292,52.185,37.231
0.917,-0.446,0.127,21.423,68.420,26.123
0.870,-0.480,-0.048,21.301,71.777,17.761
0.837,-0.488,-0.179,25.146,62.378,11.658
0.831,-0.477,-0.248,31.189,27.405,-0.977
0.875,-0.482,-0.304,42.175,-2.441,-8.606
0.879,-0.501,-0.297,45.471,-19.775,-17.151
0.888,-0.537,-0.262,43.945,-31.006,-23.376
0.881,-0.569,-0.212,35.522,-34.180,-22.644
0.891,-0.587,-0.069,19.592,-29.602,-12.756
0.878,-0.595,0.044,0.977,-18.921,2.075
0.912,-0.618,0.170,-29.541,8.850,27.283
0.914,-0.619,0.309,-23.926,17.395,32.410
0.888,-0.608,0.329,-19.226,21.729,32.104
0.860,-0.593,0.338,-11.475,21.667,28.564
0.834,-0.588,0.341,-4.700,18.066,24.963
0.821,-0.577,0.348,-0.671,13.184,22.583
0.825,-0.564,0.358,1.526,8.850,21.484
0.838,-0.556,0.355,3.784,5.920,21.362
0.844,-0.547,0.345,6.348,4.883,20.203
0.848,-0.555,0.310,9.705,5.493,17.456
0.846,-0.568,0.259,13.489,7.080,14.221
0.834,-0.566,0.211,17.212,8.484,11.414
0.833,-0.560,0.170,19.165,9.521,10.132
0.830,-0.549,0.127,18.921,9.888,10.498
0.834,-0.537,0.097,17.395,10.376,11.536
0.838,-0.524,0.073,15.259,10.437,12.573
0.846,-0.513,0.057,12.146,9.705,14.099
0.858,-0.512,0.048,9.155,7.935,14.954
0.863,-0.512,0.047,6.897,5.493,14.221
0.866,-0.517,0.052,5.249,2.808,12.451
0.867,-0.521,0.058,4.089,0.305,10.925
0.869,-0.521,0.062,3.174,-1.465,9.766
0.875,-0.520,0.076,2.258,-2.686,9.155
0.882,-0.519,0.097,0.916,-2.075,9.583
0.889,-0.509,0.120,-1.038,-0.244,11.475
0.894,-0.498,0.135,-3.662,2.258,13.428
0.897,-0.498,0.146,-5.432,4.822,13.733
0.891,-0.508,0.149,-4.883,6.348,12.024
0.877,-0.522,0.142,-2.136,6.226,8.667
0.860,-0.537,0.135,1.892,4.456,5.066
0.840,-0.549,0.135,5.798,1.831,2.014
0.829,-0.555,0.138,8.240,-0.244,0.549
0.831,-0.555,0.147,8.667,-1.282,0.916
0.834,-0.548,0.165,8.057,-1.221,2.747
0.844,-0.538,0.178,6.714,-0.305,5.066
0.852,-0.538,0.179,5.310,1.526,6.653
0.853,-0.545,0.177,5.066,3.967,6.714
0.849,-0.554,0.167,5.920,5.920,6.165
0.843,-0.563,0.152,7.202,7.385,6.226
0.852,-0.563,0.135,8.484,7.935,6.897
0.861,-0.552,0.117,9.766,8.423,7.874
0.869,-0.536,0.103,10.559,9.583,8.545
0.876,-0.521,0.089,10.193,10.803,9.033
0.881,-0.509,0.078,9.338,11.658,9.583
0.887,-0.507,0.065,8.484,12.024,9.277
0.888,-0.509,0.053,8.179,11.963,7.935
0.883,-0.510,0.048,8.606,10.986,6.470
0.876,-0.509,0.046,9.583,9.521,5.066
0.872,-0.511,0.046,9.888,7.874,3.967
0.870,-0.505,0.047,9.827,6.531,2.930
2.555,-0.661,1.014,-7.446,-320.374,68.665
3.063,-0.735,1.571,-12.329,-331.299,50.598
3.453,-0.728,2.118,-11.353,-331.177,31.006
3.867,-0.792,2.624,-4.944,-309.021,9.521
4.000,-0.810,2.979,15.686,-268.066,-14.282
4.000,-0.729,3.029,43.579,-219.543,-41.870
3.983,-0.629,2.822,63.904,-166.016,-68.481
3.655,-0.583,2.547,68.054,-108.215,-78.491
3.361,-0.585,2.249,62.439,-55.542,-72.998
3.121,-0.508,1.951,57.922,-15.320,-57.495
2.953,-0.309,1.684,62.683,14.587,-39.490
2.841,-0.073,1.433,77.026,39.001,-26.062
2.708,0.167,1.180,92.224,59.509,-18.677
2.569,0.387,0.925,99.915,79.346,-14.709
2.459,0.582,0.686,99.487,104.858,-8.240
2.369,0.707,0.518,90.942,136.658,1.892
2.265,0.798,0.380,72.449,166.992,12.512
2.159,0.842,0.257,48.889,190.308,18.005
2.045,0.852,0.158,26.672,206.543,18.738
1.961,0.859,0.072,8.545,216.980,15.503
1.908,0.848,0.042,-5.737,223.450,10.071
1.901,0.853,0.022,-19.287,225.159,3.235
1.936,0.878,0.026,-31.677,226.196,-2.563
2.007,0.928,0.033,-44.678,228.516,-7.019
2.065,0.989,0.054,-60.242,233.948,-10.132
2.072,1.016,0.069,-95.947,247.864,-22.278
1.959,0.875,0.084,-129.456,251.465,-31.189
1.894,0.760,0.044,-148.865,251.404,-40.100
1.806,0.653,0.008,-161.194,248.901,-49.561
1.717,0.485,-0.029,-173.889,242.737,-59.509
1.631,0.297,-0.057,-188.110,231.812,-71.777
1.523,0.095,-0.089,-200.073,214.600,-84.961
1.387,-0.084,-0.172,-205.750,190.552,-98.938
1.266,-0.227,-0.251,-202.942,164.307,-113.831
1.173,-0.301,-0.334,-192.017,133.850,-131.226
1.051,-0.264,-0.452,-174.927,101.013,-148.437
0.900,-0.191,-0.522,-156.311,72.205,-165.588
0.747,-0.118,-0.552,-145.203,48.950,-184.021
0.533,-0.081,-0.567,-147.583,25.269,-200.928
0.200,-0.080,-0.538,-162.781,-0.488,-212.585
-0.177,-0.117,-0.460,-187.866,-28.625,-217.407
-0.603,-0.193,-0.309,-217.773,-68.481,-215.637
-0.979,-0.262,-0.121,-241.577,-120.544,-206.177
-1.352,-0.355,0.019,-245.300,-174.438,-195.862
-1.647,-0.480,0.302,-231.567,-211.609,-187.439
-1.753,-0.578,0.749,-205.750,-221.802,-168.518
-1.686,-0.658,1.180,-167.480,-216.064,-138.611
-1.570,-0.698,1.464,-118.774,-195.923,-110.291
-1.442,-0.663,1.524,-65.430,-156.616,-94.421
-1.314,-0.588,1.436,-17.029,-105.408,-89.539
-1.242,-0.494,1.231,12.085,-54.688,-84.717
-1.153,-0.446,1.007,16.113,-11.292,-71.350
-1.006,-0.467,0.839,-1.770,23.071,-46.753
-0.848,-0.459,0.747,-34.363,45.898,-12.024
-0.693,-0.427,0.692,-71.716,55.847,58.472
-0.349,-0.448,0.806,-116.455,43.152,79.041
-0.141,-0.464,0.838,-117.859,28.259,85.999
0.040,-0.492,0.865,-103.210,17.578,83.740
0.204,-0.503,0.882,-80.322,15.076,75.195
0.324,-0.510,0.852,-57.312,18.188,65.552
0.453,-0.515,0.787,-38.452,28.015,59.998
0.548,-0.491,0.670,-26.489,42.603,59.753
0.633,-0.447,0.537,-19.836,57.556,62.561
0.708,-0.405,0.396,-15.564,66.772,61.218
0.847,-0.364,0.139,-2.380,63.477,52.734
0.897,-0.373,0.043,7.568,51.880,39.612
0.924,-0.400,-0.016,16.907,35.461,24.536
0.926,-0.437,-0.053,23.682,18.433,10.620
0.912,-0.473,-0.061,26.855,3.418,0.061
0.901,-0.499,-0.043,25.879,-8.606,-6.226
0.893,-0.525,0.015,21.851,-18.005,-8.972
0.885,-0.553,0.066,15.442,-23.010,-8.301
0.862,-0.642,0.126,5.859,-19.775,-7.935
0.835,-0.663,0.152,3.296,-15.930,-5.127
0.819,-0.660,0.192,1.526,-10.986,-0.671
0.814,-0.640,0.229,-1.221,-5.432,5.493
0.818,-0.610,0.254,-4.089,0.244,11.475
0.796,-0.585,0.277,-6.348,4.822,14.832
0.783,-0.570,0.285,-8.057,7.935,16.113
0.768,-0.577,0.301,-8.179,8.545,15.930
0.767,-0.584,0.324,-7.446,6.470,14.709
0.755,-0.595,0.354,-4.639,2.686,11.841
0.752,-0.610,0.378,-0.244,0.061,8.789
0.747,-0.616,0.389,3.113,1.465,7.812
0.739,-0.614,0.369,7.690,4.639,8.301
0.741,-0.602,0.350,8.179,8.179,9.888
0.742,-0.592,0.328,7.385,11.047,11.841
0.741,-0.595,0.301,7.263,13.306,12.390
0.731,-0.604,0.277,8.179,14.099,11.597
0.720,-0.613,0.250,9.216,13.733,10.559
0.715,-0.614,0.227,10.071,12.634,11.108
0.720,-0.606,0.213,10.071,10.986,12.512
0.730,-0.595,0.209,8.789,9.216,14.221
0.750,-0.581,0.212,7.019,7.812,16.296
0.766,-0.567,0.220,5.066,7.080,17.944
0.783,-0.562,0.224,3.174,7.141,18.433
0.798,-0.566,0.223,1.587,7.690,18.372
0.802,-0.567,0.222,1.709,7.812,18.066
0.803,-0.562,0.226,2.747,7.629,17.578
0.811,-0.552,0.234,4.272,7.568,17.212
0.821,-0.535,0.241,5.432,6.958,16.907
0.830,-0.517,0.244,6.165,6.409,15.747
0.836,-0.513,0.245,6.409,6.165,14.282
0.841,-0.518,0.240,6.714,5.859,12.329
0.839,-0.527,0.227,7.935,5.432,10.071
0.831,-0.534,0.217,9.827,5.310,8.484
0.827,-0.533,0.214,10.132,5.127,7.996
0.827,-0.538,0.213,9.583,5.005,8.179
0.824,-0.535,0.219,9.094,5.737,9.216
0.829,-0.532,0.228,8.179,6.042,10.010
0.838,-0.520,0.238,7.385,6.165,10.559
0.848,-0.511,0.242,7.568,6.348,10.254
0.855,-0.515,0.237,8.423,6.653,9.155
0.856,-0.521,0.223,9.705,7.263,7.690
0.843,-0.525,0.211,10.620,7.690,6.409
0.849,-0.538,0.190,10.803,7.874,5.371
0.839,-0.535,0.181,10.498,8.606,5.920
0.838,-0.530,0.172,9.705,9.460,7.141
0.841,-0.523,0.169,8.911,9.521,7.874
-1.755,0.972,0.544,-10.437,51.575,-83.801
-2.034,0.940,0.458,-9.216,48.645,-89.294
-2.199,0.804,0.346,-9.521,36.987,-89.966
-2.275,0.561,0.288,-8.972,19.226,-83.740
-2.188,0.283,0.210,-3.418,0.977,-70.801
-1.967,0.020,0.089,9.033,-17.029,-52.307
-1.720,-0.224,-0.052,24.780,-37.292,-29.114
-1.411,-0.431,-0.267,52.917,-100.769,17.029
-0.451,-0.798,-0.508,63.965,-149.902,42.297
0.001,-0.868,-0.493,64.758,-206.360,61.340
0.518,-1.040,-0.405,55.969,-267.334,66.040
1.046,-1.214,-0.139,46.021,-329.468,59.204
1.670,-1.279,0.285,47.852,-376.831,52.673
2.314,-1.176,0.913,62.500,-404.846,46.265
2.912,-0.975,1.662,71.472,-415.344,30.151
3.472,-0.751,2.376,60.181,-404.419,7.629
3.958,-0.599,2.862,41.382,-367.798,-13.306
4.000,-0.427,3.039,35.767,-305.359,-25.696
4.000,-0.150,2.883,42.480,-231.384,-34.485
4.000,0.055,2.592,48.889,-157.715,-42.908
4.000,0.223,2.340,45.837,-95.703,-46.631
4.000,0.372,2.115,38.879,-45.837,-45.776
4.000,0.541,1.888,33.447,-9.521,-44.067
4.000,0.726,1.708,28.198,20.691,-43.701
4.000,0.928,1.518,22.949,52.429,-46.082
4.000,1.140,1.239,12.451,90.149,-54.443
4.000,1.118,1.051,-2.258,144.775,-63.904
3.850,0.973,0.878,-21.729,205.017,-68.542
3.526,0.831,0.722,-42.969,256.226,-67.444
3.189,0.722,0.578,-62.683,296.936,-61.157
2.883,0.613,0.471,-81.970,328.308,-54.199
2.585,0.492,0.410,-101.196,349.548,-48.767
2.323,0.334,0.410,-119.385,359.680,-45.532
2.081,0.171,0.391,-133.057,357.666,-45.532
1.896,-0.002,0.344,-137.817,347.351,-47.974
1.808,-0.146,0.292,-135.864,333.984,-51.147
1.745,-0.228,0.229,-135.376,320.251,-50.598
1.740,-0.293,0.188,-140.686,308.228,-47.607
1.613,-0.184,-0.038,-150.391,284.851,-52.246
1.461,-0.033,-0.189,-153.259,270.691,-62.866
1.243,0.134,-0.392,-155.396,247.986,-81.787
0.886,0.281,-0.600,-155.151,221.558,-110.107
0.456,0.373,-0.843,-159.119,190.430,-146.484
0.016,0.394,-1.047,-178.040,150.024,-179.138
-0.446,0.431,-1.198,-215.759,99.243,-194.275
-0.819,0.355,-0.960,-262.817,46.875,-186.279
-1.175,0.248,-0.514,-314.575,-81.848,-139.160
-1.963,-0.106,0.699,-328.674,-143.677,-122.314
-2.136,-0.292,1.354,-259.705,-198.303,-127.380
-2.048,-0.444,1.861,-153.687,-252.747,-153.870
-1.924,-0.545,2.133,-47.546,-305.176,-187.439
-1.934,-0.594,2.060,30.518,-329.407,-210.205
-1.950,-0.594,1.888,72.021,-290.894,-204.895
-1.848,-0.587,1.735,68.359,-199.585,-161.987
-1.686,-0.583,1.545,18.677,-92.773,-89.722
-1.501,-0.596,1.313,-53.650,0.793,-9.521
-1.309,-0.613,1.113,-113.159,66.772,56.519
-1.092,-0.686,1.006,-134.460,87.219,112.122
-0.620,-0.734,0.763,-102.600,47.424,106.750
-0.353,-0.716,0.648,-52.979,6.470,93.567
-0.076,-0.663,0.546,-5.066,-20.508,81.299
0.187,-0.557,0.419,28.748,-32.104,72.693
0.396,-0.496,0.267,43.701,-29.297,72.327
0.614,-0.421,0.138,39.795,-12.146,80.444
0.843,-0.364,0.047,24.231,13.062,91.370
1.017,-0.286,-0.041,5.554,37.964,97.351
1.120,-0.257,-0.101,-9.644,55.847,94.666
1.158,-0.276,-0.175,-17.761,63.232,82.581
1.145,-0.330,-0.232,-16.602,58.289,62.500
1.097,-0.389,-0.274,-7.751,42.480,38.452
1.051,-0.449,-0.281,5.066,21.057,15.747
1.028,-0.507,-0.282,18.372,-0.854,-2.991
1.001,-0.558,-0.250,28.503,-21.973,-16.174
0.988,-0.604,-0.183,29.907,-39.063,-22.278
0.958,-0.639,-0.121,24.597,-47.058,-21.973
0.949,-0.663,-0.047,15.076,-46.509,-15.625
0.949,-0.701,0.081,2.502,-40.833,-3.357
0.941,-0.702,0.168,-7.751,-30.151,8.545
0.951,-0.706,0.267,-12.512,-17.151,18.005
0.935,-0.688,0.317,-13.000,-6.287,25.513
0.920,-0.670,0.347,-10.437,3.296,29.846
0.908,-0.642,0.357,-6.470,11.108,31.677
0.892,-0.619,0.348,-2.136,16.235,31.799
0.881,-0.602,0.324,1.282,18.494,31.189
0.873,-0.579,0.301,3.662,18.921,30.884
0.869,-0.552,0.276,6.104,18.372,30.579
0.870,-0.526,0.252,8.972,16.785,28.992
0.878,-0.509,0.222,12.207,14.709,25.879
0.879,-0.494,0.191,15.991,11.902,21.179
0.873,-0.488,0.167,19.653,8.850,15.869
0.869,-0.489,0.135,21.790,5.798,10.864
0.852,-0.492,0.114,22.888,3.418,7.263
0.841,-0.491,0.092,22.888,1.221,4.944
0.839,-0.488,0.072,21.362,-0.366,4.150
0.829,-0.480,0.061,19.226,-0.793,4.456
0.824,-0.476,0.049,17.212,-0.977,4.883
0.821,-0.481,0.036,14.771,-1.221,5.371
0.817,-0.491,0.025,12.146,-1.587,5.920
0.817,-0.498,0.019,9.705,-2.563,6.836
0.818,-0.498,0.022,7.080,-3.296,8.545
0.837,-0.490,0.059,2.258,-3.296,13.550
0.853,-0.483,0.079,0.244,-2.747,15.747
0.868,-0.476,0.095,-1.160,-1.892,17.456
0.876,-0.468,0.106,-2.258,-0.854,18.188
0.879,-0.466,0.116,-2.747,0.183,17.517
0.875,-0.473,0.125,-2.563,0.854,15.930
0.866,-0.480,0.131,-1.343,0.854,13.916
0.859,-0.490,0.134,0.244,0.549,11.963
0.856,-0.498,0.134,1.770,-0.061,10.559
0.852,-0.505,0.135,2.747,-0.488,9.705
0.847,-0.510,0.142,3.113,-0.488,9.644
0.845,-0.512,0.153,3.174,-0.122,10.376
0.849,-0.513,0.162,2.869,0.366,11.414
0.855,-0.514,0.170,2.930,1.160,11.902
0.857,-0.517,0.171,3.723,2.441,11.841
0.858,-0.523,0.167,5.371,3.906,11.597
0.858,-0.530,0.153,6.836,4.883,11.230
0.858,-0.534,0.137,8.301,5.798,11.475
0.862,-0.533,0.121,9.216,7.019,12.390
-1.487,0.585,0.945,-69.458,-1.770,-36.194
-1.710,0.532,1.020,-81.909,-0.610,-15.625
-1.864,0.431,0.986,-80.322,-0.549,2.869
-1.987,0.274,0.893,-61.523,-0.854,12.573
-2.063,0.081,0.732,-31.372,-6.042,16.235
-1.952,-0.134,0.470,1.770,-23.193,24.414
-1.709,-0.333,0.191,36.865,-56.091,44.617
-1.357,-0.461,-0.107,75.439,-100.220,70.190
-0.894,-0.554,-0.299,112.244,-157.654,93.262
-0.292,-0.558,-0.504,136.658,-225.830,112.549
0.244,-0.538,-0.592,153.076,-291.504,124.451
0.852,-0.399,-0.559,156.067,-353.699,124.756
1.466,-0.273,-0.396,145.874,-410.767,121.338
2.037,-0.254,0.023,127.136,-453.430,108.154
2.572,-0.187,0.727,100.464,-472.046,83.801
3.058,-0.148,1.582,74.219,-464.050,60.425
3.616,-0.097,2.353,56.946,-344.849,37.659
4.000,0.426,3.063,66.284,-248.535,23.010
4.000,0.782,3.061,65.613,-148.560,6.104
4.000,1.022,2.874,48.950,-59.692,-1.831
4.000,1.161,2.608,28.870,4.700,-1.648
4.000,1.298,2.339,18.127,40.344,-2.014
3.995,1.533,1.996,24.475,57.251,-14.954
3.881,1.691,1.683,42.969,67.200,-48.035
3.672,1.755,1.416,59.082,76.782,-93.445
3.441,1.723,1.183,62.805,92.102,-133.484
3.159,1.699,0.916,53.345,115.723,-153.625
2.997,1.616,0.783,32.715,158.936,-148.926
2.898,1.485,0.744,2.625,213.257,-127.502
2.766,1.399,0.737,-34.363,258.423,-105.591
2.603,1.326,0.713,-70.313,294.556,-91.858
2.403,1.207,0.671,-99.915,325.439,-86.426
2.194,1.040,0.627,-124.634,347.595,-84.412
2.002,0.853,0.596,-145.752,360.352,-80.139
1.875,0.656,0.546,-163.269,362.061,-74.890
1.780,0.486,0.474,-175.537,353.699,-70.496
1.740,0.353,0.387,-183.411,341.248,-66.406
1.723,0.176,0.379,-195.068,325.317,-61.890
1.768,0.030,0.324,-217.285,304.199,-59.326
1.795,-0.090,0.246,-232.666,280.701,-62.012
1.716,-0.057,0.054,-232.849,258.118,-71.472
1.575,0.091,-0.173,-219.421,242.737,-88.379
1.319,0.325,-0.482,-199.280,223.572,-118.225
0.995,0.531,-0.793,-180.542,196.716,-155.945
0.531,0.656,-1.100,-173.340,160.645,-193.848
0.028,0.723,-1.238,-192.383,112.976,-218.750
-0.543,0.763,-1.066,-243.469,49.927,-221.252
-1.207,0.751,-0.480,-306.152,-27.588,-208.252
-2.006,0.503,0.124,-351.562,-119.873,-195.496
-2.800,-0.150,1.008,-355.164,-205.505,-187.439
-3.212,-0.940,1.691,-297.607,-241.943,-174.011
-3.121,-1.342,2.224,-189.392,-208.740,-151.245
-3.061,-1.233,2.312,-102.051,-157.715,-113.892
-3.079,-0.961,2.162,-66.772,-116.516,-66.101
-2.860,-0.891,2.068,-71.716,-81.665,-19.104
-2.498,-0.975,2.057,-93.933,-52.368,23.682
-2.101,-1.030,2.084,-116.760,-28.259,65.674
-1.578,-0.958,2.082,-125.183,-1.770,103.516
-0.978,-0.816,1.988,-112.549,25.452,129.028
-0.427,-0.653,1.761,-84.351,42.358,135.986
-0.048,-0.531,1.420,-49.133,40.161,123.901
0.217,-0.421,0.993,-13.916,21.851,100.769
0.399,-0.349,0.557,17.578,-1.038,76.416
0.623,-0.302,0.201,44.312,-14.160,57.800
0.843,-0.233,-0.069,63.843,-17.273,45.288
1.020,-0.155,-0.243,71.899,-14.526,35.583
1.156,-0.096,-0.339,68.909,-9.155,26.245
1.260,-0.065,-0.365,59.082,-2.319,16.235
1.284,-0.083,-0.352,46.448,0.977,6.226
1.245,-0.164,-0.339,35.828,-0.610,-5.615
1.160,-0.272,-0.288,30.334,-6.531,-21.118
1.062,-0.378,-0.212,31.128,-14.709,-35.034
0.974,-0.479,-0.131,34.851,-23.010,-43.335
0.896,-0.542,-0.069,38.208,-30.762,-46.448
0.836,-0.579,0.021,40.161,-36.255,-43.518
0.818,-0.612,0.130,38.269,-39.001,-35.400
0.828,-0.648,0.239,32.654,-39.001,-24.475
0.847,-0.681,0.314,26.367,-35.950,-13.306
0.863,-0.700,0.385,20.752,-29.053,-2.747
0.874,-0.698,0.417,15.625,-21.423,6.958
0.885,-0.684,0.442,12.512,-13.306,16.968
0.896,-0.643,0.448,10.803,-5.676,25.574
0.917,-0.595,0.436,9.766,-0.305,32.410
0.942,-0.550,0.413,8.972,4.272,37.292
0.972,-0.511,0.385,7.935,8.972,39.734
0.986,-0.482,0.354,7.385,13.428,40.100
0.983,-0.463,0.318,7.080,16.907,37.964
0.973,-0.461,0.276,8.545,18.799,33.630
0.944,-0.465,0.232,11.292,18.433,28.015
0.906,-0.472,0.190,14.954,15.747,21.545
0.872,-0.490,0.164,18.372,11.780,15.564
0.844,-0.502,0.152,20.813,7.812,11.780
0.835,-0.511,0.138,21.912,4.333,9.827
0.825,-0.509,0.129,21.362,2.747,10.742
0.821,-0.493,0.130,20.020,2.930,13.733
0.829,-0.472,0.136,17.761,3.601,17.273
0.848,-0.456,0.140,14.709,4.150,20.508
0.866,-0.447,0.139,12.451,4.761,21.973
0.874,-0.448,0.137,11.230,5.310,21.912
0.872,-0.454,0.138,10.925,5.554,20.813
0.869,-0.464,0.138,11.108,5.737,19.775
0.866,-0.471,0.141,11.597,5.432,18.860
0.873,-0.473,0.143,12.329,4.822,18.921
0.890,-0.465,0.149,12.939,4.517,19.897
0.911,-0.454,0.156,12.878,4.578,21.362
0.933,-0.446,0.156,12.756,5.737,22.461
0.937,-0.436,0.155,12.268,7.690,22.339
0.927,-0.429,0.159,11.475,9.766,21.423
0.913,-0.437,0.163,10.803,11.536,19.775
0.897,-0.456,0.164,10.803,12.085,17.822
0.884,-0.469,0.163,12.146,11.597,15.808
0.878,-0.474,0.158,14.832,9.949,13.977
0.870,-0.471,0.155,17.517,8.301,12.817
0.866,-0.470,0.147,19.653,6.897,12.085
0.860,-0.475,0.138,20.752,5.859,11.475
0.850,-0.479,0.126,21.484,6.165,11.230
0.840,-0.478,0.119,21.973,7.019,12.024
0.841,-0.472,0.107,22.339,7.874,13.672
0.849,-0.456,0.094,22.949,8.606,15.808
1.844,-0.859,1.432,10.193,-392.883,70.801
2.484,-0.593,2.086,21.362,-372.559,80.078
3.167,-0.243,2.599,32.959,-329.102,74.707
3.931,-0.098,2.866,37.964,-268.372,54.810
4.000,-0.060,2.900,35.950,-203.491,26.917
4.000,0.011,2.732,30.945,-138.977,2.075
4.000,0.092,2.469,27.832,-72.815,-10.437
4.000,0.111,2.227,24.658,-9.705,-11.719
4.000,0.153,2.005,17.212,35.767,-11.414
4.000,0.302,1.853,13.123,68.909,-15.015
4.000,0.457,1.729,13.184,102.783,-29.846
4.000,0.550,1.609,9.216,139.221,-54.565
3.754,0.539,1.498,-0.671,176.086,-76.782
3.394,0.429,1.372,-9.705,210.571,-87.952
3.040,0.371,1.219,-12.878,241.150,-92.163
2.727,0.393,1.057,-12.695,276.001,-90.942
2.447,0.340,0.948,-18.250,319.214,-81.848
2.186,0.213,0.830,-35.217,356.689,-67.993
1.963,0.046,0.693,-55.847,382.202,-51.575
1.796,-0.109,0.553,-71.289,397.644,-32.898
1.699,-0.226,0.391,-79.590,403.748,-16.235
1.612,-0.383,0.190,-82.153,401.184,-4.333
1.576,-0.450,-0.012,-84.290,391.541,1.892
1.632,-0.455,-0.200,-89.905,377.930,11.353
1.716,-0.344,-0.464,-98.816,362.488,24.170
1.732,-0.156,-0.780,-104.797,348.267,30.151
1.678,0.079,-1.094,-111.816,334.778,25.085
1.507,0.340,-1.390,-126.343,313.110,10.925
1.268,0.609,-1.637,-151.123,275.818,-10.803
0.943,0.796,-1.790,-183.472,219.116,-41.260
0.564,0.844,-1.690,-226.990,141.296,-75.562
0.156,0.886,-1.419,-279.236,42.542,-105.530
-0.432,0.902,-0.861,-323.242,-71.289,-130.188
-1.075,0.809,-0.030,-343.872,-181.946,-151.794
-1.577,0.550,0.880,-325.378,-264.771,-177.002
-1.858,0.174,1.824,-258.850,-300.598,-212.585
-2.003,-0.210,2.399,-172.485,-287.292,-237.549
-2.038,-0.365,2.551,-85.327,-229.736,-237.671
-2.326,-0.379,2.414,-14.832,-156.067,-226.807
-2.586,-0.398,2.190,14.893,-85.571,-211.487
-2.699,-0.571,1.929,1.160,-31.555,-185.303
-2.730,-0.820,1.726,-37.231,-4.333,-141.602
-2.600,-1.015,1.693,-76.904,1.343,-82.886
-2.268,-1.106,1.698,-101.624,-5.310,-20.386
-1.864,-1.066,1.665,-99.365,-18.738,31.860
-1.490,-0.952,1.521,-77.271,-32.349,65.247
-1.143,-0.826,1.338,-45.105,-36.743,81.787
-0.436,-0.596,0.765,18.616,-4.822,92.957
-0.137,-0.499,0.410,43.030,19.104,93.201
0.116,-0.371,0.103,54.932,39.978,96.069
0.354,-0.293,-0.197,52.917,53.467,101.257
0.620,-0.232,-0.362,43.213,60.303,102.478
0.865,-0.210,-0.463,29.724,55.542,99.060
1.069,-0.222,-0.505,17.273,43.335,91.309
1.221,-0.269,-0.504,9.216,27.405,78.125
1.290,-0.309,-0.479,7.202,10.559,58.533
1.303,-0.351,-0.451,15.381,-16.602,18.127
1.243,-0.447,-0.408,19.470,-25.574,4.150
1.185,-0.489,-0.363,19.836,-31.311,-4.517
1.124,-0.532,-0.314,15.381,-32.959,-9.094
1.065,-0.593,-0.236,7.812,-31.067,-9.155
0.999,-0.647,-0.155,-0.916,-26.550,-5.737
0.965,-0.708,-0.074,-8.850,-20.935,-0.305
0.928,-0.734,0.005,-14.709,-17.578,7.141
0.899,-0.732,0.090,-17.700,-15.869,13.977
0.878,-0.716,0.175,-17.578,-16.541,24.597
0.875,-0.675,0.305,-15.259,-17.517,28.503
0.887,-0.669,0.353,-12.451,-17.090,30.884
0.907,-0.669,0.372,-9.216,-14.160,32.654
0.929,-0.655,0.361,-5.737,-8.728,34.546
0.944,-0.621,0.334,-2.747,-1.526,36.865
0.964,-0.569,0.301,-0.610,6.104,39.001
0.986,-0.512,0.263,0.305,12.939,40.344
0.999,-0.461,0.225,1.221,17.334,39.063
0.999,-0.426,0.192,2.930,18.555,34.363
0.987,-0.415,0.150,5.798,16.724,26.611
0.964,-0.421,0.112,9.766,12.207,17.273
0.932,-0.433,0.087,13.672,6.042,8.484
0.912,-0.449,0.071,17.090,-0.061,1.587
0.896,-0.467,0.069,18.555,-5.432,-1.953
0.884,-0.484,0.077,18.494,-9.033,-4.028
0.874,-0.495,0.085,16.907,-10.010,-4.089
0.866,-0.496,0.091,14.221,-8.240,-2.136
0.860,-0.490,0.095,10.925,-5.493,0.366
0.860,-0.486,0.095,7.202,-2.136,3.784
0.869,-0.483,0.094,3.845,0.488,6.836
0.878,-0.480,0.088,1.221,2.258,8.972
0.882,-0.476,0.079,-1.099,3.479,9.888
0.883,-0.480,0.073,-2.930,4.395,10.193
0.875,-0.486,0.071,-3.967,4.700,9.949
0.862,-0.496,0.080,-3.845,4.028,9.338
0.857,-0.502,0.083,-2.869,2.747,8.789
0.850,-0.508,0.083,-0.488,1.099,8.179
0.840,-0.507,0.083,1.526,-0.549,7.568
0.828,-0.501,0.089,3.357,-1.770,6.958
0.826,-0.502,0.101,4.150,-3.113,6.897
0.823,-0.510,0.115,3.906,-3.662,6.775
0.816,-0.519,0.131,3.540,-3.052,6.714
0.810,-0.526,0.146,3.540,-2.014,7.019
0.803,-0.529,0.158,4.028,-1.343,7.324
0.799,-0.535,0.168,4.700,-0.793,7.507
0.797,-0.544,0.176,5.798,-0.610,7.324
0.795,-0.556,0.180,6.958,-0.549,7.263
0.796,-0.565,0.181,8.789,-0.671,7.629
0.798,-0.569,0.175,10.559,-1.038,8.362
0.800,-0.570,0.170,12.146,-1.099,9.399
0.796,-0.563,0.165,13.428,-0.671,10.742
0.794,-0.561,0.162,14.465,0.061,11.780
0.788,-0.558,0.155,14.709,1.099,12.817
0.782,-0.555,0.150,15.137,2.258,13.733
0.762,-0.547,0.152,15.564,3.113,14.526
0.744,-0.547,0.164,15.686,3.296,15.076
0.734,-0.557,0.169,15.503,3.601,15.625
0.729,-0.568,0.169,15.930,2.991,15.808
0.724,-0.574,0.166,16.907,2.258,16.541
0.721,-0.579,0.160,18.066,1.892,17.639
0.716,-0.577,0.152,19.165,1.648,19.043
0.708,-0.575,0.146,20.264,1.404,20.447
0.703,-0.570,0.136,20.813,1.221,21.973
-1.492,0.586,0.437,-54.504,18.066,-31.738
-1.478,0.541,0.394,-55.603,1.221,-12.573
-1.430,0.443,0.330,-45.654,-27.100,-3.235
-1.307,0.251,0.266,-26.062,-62.805,-2.075
-1.137,-0.012,0.181,-2.319,-103.638,-4.517
-0.984,-0.283,0.109,18.066,-147.766,-5.493
-0.765,-0.531,0.110,30.823,-191.528,0.488
-0.428,-0.720,0.112,36.072,-230.652,17.456
0.010,-0.881,0.187,36.133,-267.395,39.612
0.481,-0.901,0.302,32.959,-301.514,62.378
1.011,-0.891,0.445,30.212,-328.125,76.294
1.627,-0.922,0.693,25.940,-343.689,79.041
2.254,-0.908,1.112,18.982,-328.796,77.332
3.569,-0.638,2.123,20.630,-304.016,65.186
4.000,-0.371,2.517,31.128,-261.414,47.729
4.000,-0.045,2.748,38.696,-202.148,32.715
4.000,0.221,2.805,39.795,-130.554,19.226
4.000,0.448,2.701,31.982,-53.894,5.188
4.000,0.662,2.464,19.470,21.606,-11.047
4.000,0.723,2.202,5.066,90.088,-37.537
4.000,0.687,1.924,-10.254,144.104,-68.848
4.000,0.592,1.631,-23.865,186.035,-95.459
3.796,0.504,1.372,-31.311,218.323,-115.967
3.352,0.453,1.191,-33.875,250.549,-128.784
2.954,0.318,1.115,-37.720,286.682,-131.348
2.592,0.186,1.056,-49.255,316.162,-127.014
2.274,0.057,0.993,-65.186,339.844,-117.310
2.016,-0.071,0.950,-82.825,361.023,-102.478
1.832,-0.194,0.899,-99.304,378.479,-86.853
1.685,-0.303,0.804,-111.450,389.832,-76.172
1.562,-0.402,0.701,-120.056,394.531,-69.824
1.459,-0.529,0.618,-131.531,389.709,-64.026
1.426,-0.551,0.400,-145.081,376.099,-59.753
1.434,-0.625,0.171,-144.287,361.023,-62.683
1.328,-0.635,-0.127,-132.690,346.313,-71.655
1.148,-0.531,-0.557,-117.554,330.139,-83.130
0.882,-0.377,-1.040,-97.839,311.890,-95.825
0.628,-0.159,-1.464,-87.280,283.875,-105.225
0.301,0.133,-1.884,-104.126,227.173,-102.539
-0.045,0.405,-2.112,-151.123,136.230,-93.689
-0.469,0.767,-1.922,-214.355,26.794,-95.642
-1.173,0.862,-1.255,-272.400,-108.276,-117.310
-1.979,0.671,-0.356,-297.241,-257.568,-157.898
-2.465,0.158,0.581,-247.009,-379.211,-209.595
-2.556,-0.502,1.396,-124.084,-451.050,-256.470
-2.512,-0.879,2.108,6.958,-464.111,-277.588
-2.465,-0.793,2.478,86.243,-402.161,-259.033
-2.378,-0.597,2.364,95.947,-253.296,-199.097
-2.347,-0.376,2.000,44.312,-58.350,-111.206
-2.407,-0.290,1.658,-47.363,98.389,-26.306
-2.290,-0.445,1.495,-136.414,172.119,27.161
-1.955,-0.737,1.456,-179.687,173.889,55.847
-1.517,-0.905,1.472,-164.734,127.319,68.726
-1.078,-0.930,1.330,-108.765,62.256,68.359
-0.710,-0.854,1.021,-43.945,3.845,58.594
-0.401,-0.764,0.717,6.592,-32.837,47.852
-0.161,-0.682,0.468,32.776,-44.861,42.358
0.075,-0.597,0.265,35.217,-34.912,42.542
0.311,-0.531,0.125,25.208,-13.550,49.866
0.494,-0.460,0.022,11.230,7.812,59.692
0.665,-0.389,-0.036,-0.061,24.353,63.660
0.812,-0.370,-0.077,-4.883,30.762,58.289
0.896,-0.396,-0.095,-4.028,25.330,44.006
0.928,-0.470,-0.106,0.916,11.841,24.170
0.926,-0.567,-0.102,8.240,-2.625,4.456
0.890,-0.645,-0.074,14.465,-15.137,-9.766
0.850,-0.692,-0.014,16.418,-22.278,-17.456
0.819,-0.722,0.047,12.390,-24.780,-17.456
0.792,-0.747,0.133,4.089,-23.376,-11.353
0.767,-0.755,0.199,-6.165,-18.738,-1.892
0.770,-0.762,0.256,-14.709,-11.414,24.353
0.788,-0.770,0.289,-20.325,-5.249,17.578
0.792,-0.781,0.310,-21.912,-1.465,21.790
0.787,-0.791,0.319,-19.836,0.366,21.484
0.773,-0.805,0.316,-15.869,1.038,19.409
0.756,-0.813,0.310,-11.108,0.732,17.883
0.737,-0.809,0.299,-6.775,0.488,17.639
0.732,-0.797,0.290,-3.723,0.488,19.165
0.731,-0.773,0.287,-1.953,0.244,22.034
0.728,-0.744,0.295,-1.404,0.366,24.780
0.727,-0.724,0.295,-0.610,1.038,25.574
0.725,-0.713,0.290,0.610,2.136,24.353
0.718,-0.700,0.301,3.052,2.686,22.644
0.718,-0.688,0.310,5.737,2.197,20.752
0.721,-0.674,0.311,8.362,0.610,18.616
0.722,-0.663,0.311,10.681,-0.549,16.235
0.717,-0.652,0.308,13.000,-1.099,13.611
0.704,-0.648,0.304,14.709,-1.526,10.986
0.685,-0.646,0.297,15.869,-1.404,9.033
0.668,-0.648,0.283,16.663,-0.916,7.996
0.655,-0.650,0.271,16.479,-0.061,8.057
0.644,-0.646,0.258,15.930,1.099,9.521
0.646,-0.640,0.243,15.015,2.136,11.475
0.651,-0.632,0.231,14.221,2.808,13.977
0.662,-0.622,0.212,13.550,3.357,16.541
0.679,-0.616,0.200,12.573,3.418,18.066
0.691,-0.605,0.194,11.536,3.052,19.043
0.702,-0.597,0.188,10.437,2.563,19.348
0.708,-0.596,0.182,9.705,2.075,18.555
0.706,-0.597,0.175,9.216,1.343,17.517
0.710,-0.603,0.169,8.789,0.549,16.541
0.712,-0.607,0.162,8.789,0.244,16.174
0.718,-0.608,0.162,8.484,0.244,16.418
0.728,-0.607,0.165,7.324,-0.122,17.090
0.732,-0.606,0.182,5.432,-0.488,18.127
0.736,-0.613,0.204,2.197,-0.122,19.836
0.735,-0.635,0.230,2.319,0.183,19.592
0.739,-0.641,0.236,3.052,1.160,19.775
0.746,-0.639,0.236,3.723,2.258,21.118
0.759,-0.630,0.237,4.395,3.418,22.888
0.779,-0.616,0.236,4.822,4.517,24.658
0.798,-0.601,0.232,4.822,5.127,25.635
0.817,-0.594,0.226,4.944,5.127,25.391
0.830,-0.595,0.221,5.310,5.127,23.560
0.840,-0.602,0.213,6.165,5.127,21.423
0.847,-0.607,0.201,7.263,5.066,19.104
0.853,-0.611,0.191,8.545,5.066,17.639
0.862,-0.603,0.183,9.705,5.493,17.334
0.873,-0.590,0.180,10.498,5.615,17.578
1.796,-1.043,1.158,6.836,-381.348,132.141
2.699,-0.868,1.922,9.277,-359.863,146.851
3.635,-0.634,2.601,25.208,-322.266,133.850
4.000,-0.399,2.994,44.312,-271.912,102.417
4.000,-0.160,2.999,54.504,-209.167,68.726
4.000,0.066,2.739,54.565,-130.981,44.922
4.000,0.347,2.455,43.823,-52.429,42.053
4.000,0.654,2.159,32.715,17.395,27.039
4.000,1.079,1.538,4.211,149.231,-7.507
4.000,0.980,1.169,-33.325,195.801,-40.771
3.983,0.750,0.896,-58.350,222.961,-64.697
3.618,0.544,0.894,-53.406,247.864,-84.717
3.327,0.564,0.893,-34.912,263.489,-102.661
2.979,0.632,0.857,-30.273,275.024,-111.633
2.608,0.555,0.805,-48.279,300.842,-109.070
2.281,0.318,0.792,-80.872,336.243,-95.398
2.028,0.065,0.781,-112.671,365.662,-72.693
1.886,-0.175,0.741,-132.629,382.385,-49.805
1.812,-0.220,0.643,-142.395,388.184,-37.231
1.788,-0.315,0.641,-147.827,386.230,-32.471
1.714,-0.399,0.655,-160.706,376.160,-28.625
1.683,-0.460,0.640,-178.650,360.657,-26.489
1.625,-0.465,0.542,-186.279,343.079,-32.959
1.463,-0.392,0.329,-181.580,329.590,-49.255
1.191,-0.283,0.047,-169.006,324.219,-75.378
0.840,-0.173,-0.237,-153.442,320.190,-106.995
0.469,-0.087,-0.539,-140.930,301.514,-136.841
-0.014,-0.055,-0.864,-136.475,257.812,-158.569
-0.537,-0.015,-1.335,-150.818,185.425,-167.786
-0.951,0.040,-1.632,-179.443,105.347,-163.025
-1.216,0.137,-1.513,-216.919,33.936,-148.743
-1.531,0.298,-0.247,-301.453,-120.422,-118.530
-2.041,0.257,0.661,-306.458,-192.261,-116.821
-2.083,-0.009,1.312,-262.268,-242.065,-130.798
-2.064,-0.260,1.693,-189.209,-257.629,-149.414
-2.075,-0.392,1.818,-126.343,-234.924,-153.015
-2.107,-0.375,1.774,-101.013,-176.147,-127.380
-2.150,-0.325,1.771,-115.112,-99.365,-75.256
-2.156,-0.335,1.920,-157.104,-33.508,-6.592
-1.996,-0.399,2.033,-207.581,0.305,64.758
-1.764,-0.462,2.121,-234.985,7.263,127.014
-1.481,-0.497,2.178,-222.351,3.174,169.250
-1.088,-0.535,2.269,-173.828,7.019,186.646
-0.587,-0.544,2.208,-105.103,19.043,180.725
-0.187,-0.518,1.917,-35.034,24.353,155.457
0.024,-0.463,1.491,19.531,18.005,121.643
0.089,-0.357,0.996,55.847,4.822,89.661
0.178,-0.278,0.524,79.712,-0.244,64.819
0.347,-0.256,0.179,95.520,6.042,52.795
0.578,-0.199,-0.047,104.492,15.869,55.359
0.770,-0.208,-0.215,104.248,22.522,64.514
0.958,-0.103,-0.357,94.788,26.367,65.613
1.094,-0.076,-0.408,81.726,28.687,56.885
1.182,-0.102,-0.455,63.721,27.039,46.814
1.204,-0.191,-0.502,44.250,20.630,36.377
1.195,-0.301,-0.518,29.846,11.963,24.414
1.180,-0.408,-0.518,21.484,1.831,13.428
1.151,-0.491,-0.502,16.724,-10.010,5.127
1.117,-0.546,-0.440,13.794,-22.949,0.183
1.093,-0.588,-0.360,11.292,-32.593,-0.793
1.088,-0.617,-0.279,8.728,-39.063,0.916
1.086,-0.628,-0.175,5.737,-43.335,4.761
1.090,-0.621,-0.065,2.197,-45.654,9.155
1.094,-0.632,0.055,-2.197,-45.410,16.785
1.091,-0.669,0.285,-10.498,-36.865,20.386
1.080,-0.670,0.384,-11.841,-30.396,24.597
1.068,-0.648,0.462,-10.803,-24.231,28.137
1.058,-0.618,0.516,-8.179,-18.005,30.457
1.055,-0.584,0.548,-4.944,-11.780,31.494
1.057,-0.550,0.562,-1.648,-5.920,31.555
1.056,-0.516,0.554,1.648,-1.038,30.640
1.057,-0.490,0.530,4.639,2.625,28.259
1.048,-0.473,0.496,7.324,5.798,24.597
1.031,-0.465,0.456,10.742,7.935,19.897
1.004,-0.457,0.417,14.587,8.362,14.832
0.974,-0.454,0.378,17.822,7.507,9.521
0.941,-0.454,0.345,20.325,5.920,4.883
0.916,-0.460,0.317,22.034,4.272,1.160
0.896,-0.458,0.292,23.254,2.380,-0.916
0.884,-0.452,0.271,24.170,0.671,-1.343
0.877,-0.445,0.252,24.414,-0.488,-1.648
0.867,-0.449,0.234,22.949,-1.221,-3.540
0.830,-0.473,0.194,21.851,-0.488,-3.662
0.804,-0.488,0.181,20.874,0.000,-3.052
0.794,-0.498,0.169,20.081,0.610,-1.404
0.793,-0.500,0.163,19.287,1.099,0.977
0.797,-0.495,0.163,18.188,1.587,4.639
0.807,-0.484,0.163,16.479,2.075,8.545
0.819,-0.480,0.165,14.526,2.869,11.353
0.825,-0.484,0.167,12.451,3.357,12.756
0.826,-0.492,0.166,10.986,4.089,13.306
0.826,-0.499,0.164,10.071,4.211,13.794
0.829,-0.499,0.163,9.827,4.272,14.648
0.838,-0.492,0.162,9.888,4.150,15.625
0.854,-0.481,0.162,9.949,3.967,16.602
0.870,-0.467,0.160,9.827,4.150,17.212
0.886,-0.458,0.158,9.460,4.578,17.456
0.897,-0.452,0.157,9.277,4.761,17.029
0.902,-0.451,0.156,9.521,5.066,15.991
0.901,-0.455,0.154,10.437,5.127,14.282
0.896,-0.466,0.150,11.597,5.005,12.085
0.888,-0.476,0.147,13.733,4.333,10.071
0.880,-0.484,0.141,16.235,3.906,8.484
0.878,-0.484,0.132,18.311,3.479,7.629
0.877,-0.478,0.126,19.592,3.296,7.263
0.884,-0.481,0.115,19.897,3.662,6.897
0.884,-0.482,0.109,19.409,5.005,7.507
0.879,-0.483,0.100,18.311,6.470,7.874
0.878,-0.484,0.094,17.883,7.385,8.179
0.877,-0.484,0.085,18.066,7.629,8.240
0.877,-0.482,0.079,18.250,7.263,8.240
0.886,-0.481,0.065,18.066,6.592,7.996
0.888,-0.477,0.057,17.822,6.470,8.179
0.889,-0.468,0.050,16.846,7.202,8.728
0.890,-0.462,0.041,16.235,8.240,9.094
0.886,-0.455,0.032,15.442,8.728,8.972
0.881,-0.448,0.026,14.709,8.728,8.667
0.877,-0.441,0.022,14.282,8.240,8.057
0.875,-0.435,0.022,13.733,7.568,7.629
1.651,-1.153,0.983,107.117,-364.746,102.783
2.287,-0.801,1.438,126.099,-397.888,105.469
2.964,-0.335,2.012,136.108,-402.405,104.248
3.685,0.076,2.528,132.629,-373.108,90.149
4.000,0.376,2.857,118.713,-311.584,68.787
4.000,0.584,2.928,100.037,-227.356,48.828
4.000,0.780,2.755,80.261,-128.906,33.997
4.000,0.966,2.465,62.988,-33.752,22.644
4.000,1.152,2.133,45.959,40.161,6.897
4.000,1.310,1.764,24.597,87.952,-14.160
4.000,1.374,1.426,4.578,115.540,-41.992
4.000,1.343,1.134,-10.742,131.226,-75.806
3.982,1.254,0.945,-20.142,148.132,-108.521
3.583,1.169,0.817,-27.710,172.058,-134.460
3.192,1.079,0.756,-37.720,204.346,-149.231
2.856,0.899,0.825,-51.941,245.239,-148.560
2.542,0.747,0.877,-71.289,280.029,-141.724
2.257,0.616,0.911,-90.454,304.565,-136.230
2.012,0.471,0.948,-105.957,324.402,-131.714
1.797,0.308,0.977,-119.568,340.210,-126.404
1.639,0.131,0.958,-130.615,348.633,-121.338
1.538,-0.073,0.914,-135.010,352.966,-117.004
1.486,-0.249,0.877,-135.193,356.445,-112.305
1.497,-0.455,0.849,-139.343,356.018,-104.187
1.501,-0.632,0.768,-144.958,348.938,-98.816
1.475,-0.737,0.638,-142.395,340.393,-100.281
1.345,-0.752,0.439,-131.287,334.412,-107.605
1.159,-0.670,0.128,-115.173,330.017,-119.263
0.885,-0.530,-0.183,-95.154,324.280,-134.094
0.541,-0.354,-0.437,-83.496,307.434,-150.940
0.168,-0.272,-0.698,-90.942,268.860,-164.978
-0.267,-0.186,-1.126,-111.511,209.473,-176.025
-0.777,-0.198,-1.409,-136.658,143.738,-183.228
-1.198,-0.175,-1.403,-174.072,78.369,-182.434
-1.527,-0.104,-0.973,-223.206,11.475,-170.776
-1.911,-0.082,-0.193,-270.996,-62.378,-146.912
-2.225,-0.257,0.769,-298.340,-129.761,-115.173
-2.319,-0.445,1.654,-280.334,-173.645,-80.933
-2.216,-0.504,2.304,-214.111,-186.279,-55.176
-1.942,-0.553,2.665,-131.348,-166.565,-41.443
-1.702,-0.469,2.729,-67.017,-121.826,-33.386
-1.483,-0.419,2.585,-36.072,-67.688,-23.804
-1.446,-0.405,2.254,-38.574,-18.433,-3.357
-1.454,-0.433,1.899,-59.998,23.682,27.832
-1.319,-0.478,1.596,-77.087,59.753,61.707
-1.091,-0.496,1.350,-78.857,77.820,90.881
-0.834,-0.510,1.086,-64.026,70.923,110.901
-0.582,-0.475,0.836,-36.133,48.401,114.197
-0.300,-0.447,0.609,-2.136,23.315,101.929
-0.056,-0.438,0.371,28.992,1.953,83.984
0.173,-0.455,0.133,52.246,-12.817,68.726
0.370,-0.427,-0.079,67.322,-18.188,60.852
0.583,-0.375,-0.237,73.425,-13.672,60.181
0.785,-0.326,-0.315,70.068,-5.615,64.758
0.931,-0.317,-0.376,56.213,0.061,69.153
1.055,-0.251,-0.443,37.537,3.540,66.101
1.150,-0.257,-0.443,22.339,7.141,56.702
1.191,-0.316,-0.459,10.071,6.470,45.654
1.173,-0.401,-0.475,2.197,-0.061,32.471
1.129,-0.489,-0.456,0.183,-10.681,17.517
1.077,-0.577,-0.407,0.732,-23.804,4.944
1.036,-0.654,-0.347,1.587,-36.621,-2.808
1.010,-0.718,-0.267,2.991,-46.326,-6.409
0.985,-0.753,-0.182,4.150,-51.331,-5.615
0.972,-0.782,-0.100,3.113,-51.270,-1.770
0.951,-0.801,-0.027,0.000,-47.119,3.906
0.918,-0.806,0.034,-3.967,-40.222,11.230
0.895,-0.791,0.083,-7.019,-32.471,18.555
0.886,-0.761,0.130,-8.484,-25.940,25.513
0.889,-0.721,0.176,-8.606,-21.423,31.738
0.895,-0.677,0.219,-8.301,-18.921,36.499
0.910,-0.642,0.256,-7.080,-16.968,38.818
0.926,-0.613,0.285,-5.127,-15.564,38.452
0.933,-0.590,0.301,-2.258,-14.893,35.889
0.928,-0.582,0.312,1.282,-14.221,31.006
0.915,-0.580,0.309,5.127,-13.733,19.775
0.876,-0.579,0.290,13.306,-12.268,15.198
0.855,-0.572,0.279,16.235,-10.315,12.207
0.840,-0.563,0.267,17.578,-7.812,10.864
0.832,-0.552,0.256,17.761,-5.554,10.986
0.831,-0.541,0.240,18.005,-3.784,11.169
0.828,-0.536,0.227,18.433,-2.502,11.047
0.820,-0.531,0.211,19.653,-1.587,9.949
0.806,-0.531,0.192,21.179,-1.648,8.606
0.791,-0.529,0.171,22.766,-2.747,7.507
0.778,-0.530,0.150,24.231,-3.784,6.775
0.765,-0.527,0.132,25.146,-4.639,6.897
0.756,-0.528,0.113,25.452,-5.493,7.751
0.753,-0.529,0.097,24.902,-6.287,9.155
0.755,-0.528,0.083,23.743,-7.141,11.414
0.760,-0.526,0.072,21.729,-7.385,13.733
0.762,-0.522,0.068,19.409,-6.653,16.602
0.762,-0.516,0.072,17.334,-6.042,19.592
0.765,-0.508,0.083,15.320,-5.920,22.461
0.773,-0.501,0.093,13.550,-6.592,25.024
0.779,-0.493,0.103,12.756,-7.263,26.611
0.783,-0.487,0.108,12.390,-7.874,27.527
0.786,-0.481,0.108,12.390,-7.935,28.259
0.787,-0.481,0.105,12.329,-8.057,28.442
0.782,-0.485,0.106,12.146,-7.996,27.893
0.776,-0.495,0.107,12.146,-8.057,27.344
0.774,-0.504,0.107,12.695,-8.301,27.161
0.778,-0.509,0.107,13.672,-8.850,27.527
0.785,-0.508,0.106,14.404,-9.338,28.748
0.796,-0.502,0.105,15.503,-9.705,30.273
0.804,-0.498,0.100,16.479,-10.193,31.494
0.812,-0.494,0.095,17.578,-10.986,32.410
0.818,-0.494,0.091,18.921,-11.902,32.593
0.819,-0.493,0.088,20.142,-13.428,32.288
0.817,-0.497,0.084,21.851,-15.442,31.372
0.820,-0.505,0.075,23.926,-17.578,30.273
0.826,-0.511,0.074,26.062,-19.714,29.785
0.831,-0.505,0.073,28.137,-20.935,30.334
0.844,-0.495,0.071,29.236,-21.667,31.311
0.850,-0.479,0.069,29.602,-21.667,31.921
0.857,-0.466,0.068,28.992,-20.752,31.616
0.856,-0.459,0.064,28.015,-19.165,30.518
0.849,-0.455,0.058,27.039,-17.578,29.358
0.849,-0.459,0.052,25.940,-15.686,28.442
